Division Name,Zila Name,Upazila Name,Total Population (N),Rural Population (%),Working-age population (N),Number of Households (N),Poverty headcount ratio (%),Extreme poverty headcount ratio (%),Primary employment: Agriculture (%),Primary employment: Industry (%),Primary employment: Services (%),Households with Electricity (%),Households with flush toilet (%),"Households with non-flush, latrine (%)",Literate population (18 years and older) (%), Educational attainment: Less than primary completed (18 years and older) (%), Educational attainment: Primary completed (18 years and older) (%), Educational attainment: Secondary completed (18 years and older)(%), Educational attainment: University completed (18 years and older) (%),School attendance among 6-18 years old (%),School attendance among 6-10 years old (%),School attendance among 11-13 years old (%),School attendance among 14-15 years old (%),School attendance among 16-18 years old (%),Percentage of underweight children (%),Percentage of severely underweight children (%),Percentage of stunted children (%),Percentage of severely stunted children (%),Households with tap water (%),Households with tubewell water (%),"Households without toilet, open defecation (%)"
BARISAL,BARISAL,AGAILJHARA,148820,93.4,87360,32840,51.1,38.2,64.0,7.7,28.3,48.0,39.1,45.7,62.6,40.9,42.1,14.0,2.9,80.9,87.7,88.2,70.9,46.2,30.4,6.5,36.8,20.5,0.4,88.1,2.4
BARISAL,BARGUNA,AMTALI,269300,91.9,159200,63220,22.8,12.0,72.1,5.0,22.9,22.3,21.7,45.5,51.9,51.1,38.3,8.7,2.0,74.8,81.2,79.5,64.0,37.7,34.5,8.0,39.4,22.4,1.2,96.7,4.5
BARISAL,BARISAL,BABUGANJ,139000,93.2,81000,31680,48.7,36.8,51.7,10.0,38.3,62.8,32.6,55.2,68.9,33.0,48.3,16.3,2.5,80.1,85.1,88.5,73.2,48.5,28.9,6.1,36.1,19.9,0.8,97.5,0.3
BARISAL,BARISAL,BAKERGANJ,312060,93.6,178500,71540,55.4,42.2,50.5,11.3,38.2,45.8,29.5,47.5,61.8,40.1,43.6,13.8,2.5,78.6,83.9,86.6,71.7,43.6,31.6,7.0,38.9,22.1,0.1,97.5,2.1
BARISAL,BARGUNA,BAMNA,77140,90.2,47440,19540,17.0,8.9,59.5,14.0,26.5,29.1,34.1,49.8,62.3,38.7,46.4,12.5,2.4,76.5,84.2,85.1,58.9,43.2,31.1,6.7,38.5,21.7,0.0,98.1,1.6
BARISAL,BARISAL,BANARI PARA,148520,89.1,88660,34200,52.2,38.1,53.6,5.7,40.7,47.4,58.9,34.5,67.6,37.3,45.9,13.9,3.0,79.0,86.0,84.7,72.0,45.0,29.6,6.3,37.3,20.8,0.4,98.9,0.2
BARISAL,BARGUNA,BARGUNA SADAR,263080,87.9,158080,62080,19.2,9.9,56.9,6.3,36.8,31.8,25.6,47.2,58.1,42.0,42.9,11.9,3.1,80.7,86.3,86.2,74.4,47.5,31.7,7.0,38.9,22.1,0.4,94.5,2.9
BARISAL,BARISAL,BARISAL SADAR (KOTWALI),515940,36.0,326860,114780,49.9,31.0,17.6,13.7,68.7,80.5,34.3,46.0,71.2,29.4,38.5,23.7,8.4,74.6,83.9,79.5,66.1,45.9,27.3,5.6,38.5,21.7,6.2,91.6,1.2
BARISAL,PATUAKHALI,BAUPHAL,301220,94.6,172920,67840,24.0,13.9,50.8,11.9,37.3,38.9,19.6,51.7,56.9,44.2,38.7,14.5,2.6,76.3,80.3,83.3,71.2,48.7,33.9,7.8,40.5,23.3,0.2,97.3,1.1
BARISAL,BARGUNA,BETAGI,118260,89.3,69280,27920,19.6,10.3,62.5,7.6,29.9,34.0,28.9,49.6,57.4,41.3,41.9,14.2,2.6,79.7,84.6,86.7,74.6,47.8,31.8,7.0,37.7,21.4,0.1,94.9,0.9
BARISAL,PIROJPUR,BHANDARIA,146300,83.6,84060,34360,42.0,29.9,49.9,11.1,39.0,46.1,34.7,47.8,68.3,35.4,44.9,16.1,3.6,79.0,85.0,83.4,73.2,48.2,29.3,6.2,37.0,20.5,0.5,75.6,0.5
BARISAL,BHOLA,BHOLA SADAR,430680,80.1,235280,88140,49.2,35.7,52.4,4.5,43.1,42.6,11.6,52.6,43.6,58.3,28.2,10.8,2.8,68.3,75.5,74.5,55.2,34.3,36.7,8.8,43.7,25.4,0.4,97.0,4.2
BARISAL,BHOLA,BURHANUDDIN,234480,83.4,129640,48540,28.3,16.3,67.9,5.5,26.6,25.0,7.5,55.4,45.4,58.3,30.0,9.7,1.9,67.1,76.3,71.0,50.3,33.7,37.4,9.1,41.6,24.1,0.3,97.1,5.6
BARISAL,BHOLA,CHAR FASSON,454840,90.3,242960,94620,28.2,14.9,72.6,9.4,17.9,19.1,7.4,41.5,42.3,59.9,29.9,8.4,1.9,64.6,71.1,72.4,50.6,26.0,38.3,9.4,42.8,25.1,0.3,93.2,9.1
BARISAL,PATUAKHALI,DASHMINA,123200,83.6,69960,28500,21.8,11.3,67.0,5.7,27.3,13.8,21.8,54.2,45.0,57.0,33.2,8.3,1.5,70.0,76.1,75.6,56.1,38.7,36.1,8.5,41.6,24.3,0.3,94.2,2.8
BARISAL,BHOLA,DAULAT KHAN,171020,89.8,94260,34660,30.3,18.0,66.0,6.0,28.0,38.0,9.0,53.6,40.1,59.7,29.5,9.0,1.9,65.1,73.7,72.7,48.8,27.0,38.3,9.4,43.6,25.2,0.1,97.7,5.0
BARISAL,PATUAKHALI,DUMKI,69580,83.6,39220,15540,22.0,13.1,53.4,8.3,38.3,40.9,25.6,45.3,63.0,36.8,46.5,14.0,2.6,83.3,89.5,86.1,75.6,55.7,31.7,7.0,38.2,21.5,0.3,95.2,1.3
BARISAL,PATUAKHALI,GALACHIPA,361940,92.9,207480,80120,26.0,14.4,76.0,4.6,19.4,23.1,16.6,46.4,44.0,57.8,32.2,8.5,1.5,66.3,73.4,72.4,54.3,30.1,36.6,8.7,41.2,23.8,0.9,97.3,7.6
BARISAL,BARISAL,GAURNADI,189180,78.4,112800,41560,55.5,39.9,59.3,12.2,28.5,59.2,32.2,54.0,59.2,42.5,41.2,13.3,3.0,75.4,81.5,85.0,67.3,37.9,31.0,6.8,37.2,20.8,1.5,96.7,1.2
BARISAL,BARISAL,HIZLA,145540,90.5,75680,30540,62.3,49.5,78.4,8.3,13.3,41.3,16.8,64.2,41.0,56.9,35.3,6.6,1.2,63.6,74.9,65.7,41.2,22.9,37.8,9.2,40.7,23.3,0.2,88.2,1.1
BARISAL,JHALOKATI,JHALOKATI SADAR,214160,74.9,130140,49940,37.7,22.3,43.4,11.3,45.3,55.9,55.6,34.4,68.8,32.7,43.5,20.3,3.5,81.2,89.1,86.5,74.2,50.2,27.5,5.6,35.7,19.7,1.4,97.5,1.5
BARISAL,PATUAKHALI,KALA PARA,238700,85.2,140520,57540,20.3,9.7,67.6,9.0,23.5,31.3,29.6,40.9,53.3,48.1,41.1,9.5,1.4,71.7,79.8,76.8,55.3,32.1,34.4,7.9,40.3,23.3,1.3,97.6,4.2
BARISAL,JHALOKATI,KANTHALIA,120480,91.7,72400,30940,34.2,21.4,59.6,11.1,29.3,39.1,44.5,42.1,66.3,35.8,46.3,15.2,2.7,79.2,83.9,86.4,70.2,52.7,28.9,6.1,35.6,19.7,1.0,78.0,1.2
BARISAL,PIROJPUR,KAWKHALI,69720,86.7,42240,16220,52.2,39.6,47.6,9.7,42.8,44.5,23.6,25.3,66.9,30.2,48.5,17.8,3.6,78.4,83.9,84.9,74.1,44.0,28.5,5.9,39.9,23.2,0.4,98.3,1.0
BARISAL,BHOLA,LALMOHAN,284780,87.4,157060,61000,27.8,15.2,74.2,5.5,20.3,17.9,13.0,58.1,38.0,65.2,25.5,7.4,1.9,60.7,68.9,68.2,42.6,24.7,39.5,9.9,42.0,24.3,0.2,97.9,4.2
BARISAL,BHOLA,MANPURA,76840,98.9,41380,17060,32.8,19.4,80.2,3.5,16.3,14.2,1.2,27.3,33.4,68.4,25.3,5.3,1.1,57.8,66.4,61.9,40.8,21.4,40.6,10.3,46.1,27.7,0.0,96.0,18.3
BARISAL,PIROJPUR,MATHBARIA,262280,88.9,156560,61180,38.0,25.6,59.4,7.6,33.0,34.8,5.3,52.6,61.7,38.1,47.1,12.4,2.5,75.6,83.7,81.8,62.8,35.2,30.8,6.7,38.6,21.9,4.7,37.4,1.5
BARISAL,BARISAL,MEHENDIGANJ,300460,89.1,163280,65240,64.4,50.0,74.6,7.1,18.3,26.4,14.8,58.5,49.6,48.5,40.0,10.1,1.5,69.7,78.1,76.0,50.3,31.8,36.2,8.6,40.2,23.0,0.4,91.9,2.1
BARISAL,PATUAKHALI,MIRZAGANJ,121820,81.8,73060,28220,17.8,9.6,61.1,11.5,27.5,34.4,30.3,51.7,58.1,40.0,43.6,13.9,2.5,79.7,84.7,86.0,78.0,47.9,31.6,6.9,38.7,21.9,1.2,96.0,0.6
BARISAL,BARISAL,MULADI,175820,88.7,94620,38420,58.2,44.1,67.4,8.9,23.7,49.5,27.0,58.3,53.0,48.1,39.0,10.7,2.2,73.1,78.6,80.6,62.0,40.1,34.1,7.9,36.9,20.5,0.7,92.1,0.9
BARISAL,JHALOKATI,NALCHITY,189420,83.9,109160,42540,46.5,32.5,45.8,11.8,42.4,47.2,25.1,53.8,68.4,33.6,48.0,16.0,2.5,81.3,89.2,87.1,71.0,45.9,29.6,6.4,38.5,21.9,0.1,97.9,1.4
BARISAL,PIROJPUR,NAZIRPUR,179780,97.6,107260,40580,51.5,36.6,72.2,6.2,21.6,29.6,30.6,41.7,59.2,42.1,42.6,12.8,2.4,76.4,84.1,81.9,67.2,47.5,31.7,6.9,37.2,20.8,0.3,92.4,2.9
BARISAL,PIROJPUR,NESARABAD (SWARUPKATI),210720,77.7,128080,48520,43.3,30.1,35.1,14.6,50.3,53.4,50.8,38.3,69.1,35.3,47.1,14.8,2.8,75.6,82.8,85.2,68.0,41.5,27.8,5.6,39.4,22.5,0.0,98.6,1.6
BARISAL,BARGUNA,PATHARGHATA,162560,82.7,100220,43100,12.9,6.1,65.5,8.8,25.7,31.3,26.0,52.2,61.8,38.0,49.4,11.0,1.6,74.5,84.9,78.8,63.1,32.2,30.3,6.5,36.9,20.8,7.0,49.2,0.9
BARISAL,PATUAKHALI,PATUAKHALI SADAR,313600,78.7,186020,68820,36.9,23.3,48.3,9.8,41.9,40.1,30.2,46.4,57.9,43.1,38.3,14.5,4.1,75.9,81.7,83.8,67.3,44.7,32.5,7.3,40.1,22.9,1.4,97.0,1.0
BARISAL,PIROJPUR,PIROJPUR SADAR,160980,63.6,97640,38040,42.7,28.7,38.2,9.7,52.1,57.0,52.3,38.0,72.2,31.0,46.7,17.3,4.9,78.1,85.0,85.4,67.7,46.4,27.3,5.6,36.6,20.6,19.9,75.4,0.9
BARISAL,JHALOKATI,RAJAPUR,147620,89.1,83700,34060,42.0,29.8,45.6,7.3,47.0,48.4,57.3,35.5,66.3,34.2,46.8,15.3,3.6,81.0,83.8,90.3,77.5,49.0,29.5,6.3,37.9,21.1,0.0,96.8,0.8
BARISAL,BHOLA,TAZUMUDDIN,125420,83.8,71640,28740,22.3,11.3,75.1,10.8,14.0,14.8,9.7,62.1,42.9,61.0,30.0,7.3,1.7,60.8,67.4,67.8,52.3,24.6,38.3,9.4,42.5,25.2,0.2,96.2,2.7
BARISAL,BARISAL,WAZIRPUR,233200,94.9,137320,52960,52.1,37.8,62.1,8.8,29.1,51.3,44.8,46.0,61.3,40.4,42.7,14.2,2.7,79.2,86.2,85.4,71.5,45.6,31.1,6.8,36.5,20.1,0.2,97.2,1.7
BARISAL,PIROJPUR,ZIANAGAR,74980,92.3,43040,17200,49.1,35.8,55.1,13.9,31.0,30.1,14.7,59.8,60.9,42.4,44.3,11.8,1.5,78.0,89.0,83.5,63.6,32.8,32.0,7.0,39.5,22.8,4.7,71.7,0.6
CHITTAGONG,BRAHMANBARIA,AKHAURA,143540,75.1,77280,27840,26.9,12.9,43.7,7.4,48.8,78.2,27.7,47.3,53.9,47.0,38.3,12.4,2.3,70.9,79.0,76.9,57.5,33.8,35.9,8.8,40.8,23.1,2.8,94.6,2.3
CHITTAGONG,BANDARBAN,ALIKADAM,51020,71.5,27800,9380,42.9,23.2,81.4,2.4,16.2,15.6,4.1,20.3,29.7,73.5,20.3,4.9,1.3,46.3,59.0,45.9,25.0,10.8,44.5,12.7,48.1,28.9,1.1,44.8,31.1
CHITTAGONG,CHITTAGONG,ANOWARA,257940,97.9,145680,49960,15.5,5.6,42.0,14.2,43.8,65.1,14.9,43.7,49.1,53.1,31.9,12.3,2.8,72.0,81.9,80.4,59.4,27.8,32.9,7.7,42.7,24.8,3.5,89.0,5.5
CHITTAGONG,BRAHMANBARIA,ASHUGANJ,179200,79.9,92780,33640,21.8,9.6,22.5,20.1,57.4,90.3,35.8,53.3,49.0,53.3,34.9,9.3,2.4,68.1,75.8,76.3,52.2,29.3,36.9,9.2,43.2,24.6,7.9,90.7,2.1
CHITTAGONG,RANGAMATI,BAGHAICHHARI,95540,80.3,55040,20180,24.8,8.1,80.8,3.5,15.7,29.9,5.5,17.2,39.9,62.5,26.8,9.4,1.2,63.1,71.2,66.1,50.0,28.5,34.7,8.5,44.4,26.6,0.3,37.6,4.5
CHITTAGONG,CHITTAGONG,BAKALIA,264660,0.0,174680,56740,4.9,0.7,2.2,25.4,72.4,98.1,37.3,45.8,59.5,40.8,28.7,22.1,8.4,55.9,68.1,62.6,40.1,30.7,41.1,11.2,36.2,18.7,39.0,58.3,0.7
CHITTAGONG,BRAHMANBARIA,BANCHHARAMPUR,296940,93.3,163260,59700,27.3,13.2,58.4,8.9,32.7,75.9,31.2,35.2,37.6,63.5,28.1,7.3,1.1,65.0,72.0,74.9,50.9,27.8,43.2,11.7,43.3,24.8,0.4,90.2,5.9
CHITTAGONG,BANDARBAN,BANDARBAN SADAR,87180,54.4,54680,18980,30.8,15.6,51.1,4.8,44.0,54.1,21.6,28.6,44.7,57.9,26.4,12.1,3.6,67.1,76.8,70.1,56.6,37.6,34.9,8.7,43.8,25.9,28.8,34.5,22.6
CHITTAGONG,CHITTAGONG,BANSHKHALI,435100,91.5,225660,84220,27.9,11.3,64.0,8.6,27.5,31.5,12.3,35.3,33.8,66.5,22.9,9.0,1.7,66.5,73.3,72.8,53.0,31.6,38.9,10.0,45.1,26.5,0.7,94.2,5.7
CHITTAGONG,RANGAMATI,BARKAL,45240,96.2,26340,9400,26.1,8.5,80.8,0.9,18.2,25.3,1.7,16.8,40.3,68.0,25.7,5.1,1.2,60.4,69.6,65.6,55.4,11.7,28.2,6.4,44.1,26.0,0.6,9.6,3.8
CHITTAGONG,COMILLA,BARURA,401680,87.9,224980,82600,37.9,20.2,65.6,6.3,28.1,62.7,18.7,67.5,51.9,48.1,37.8,12.2,1.8,71.8,79.9,81.4,59.1,32.6,39.4,10.1,38.1,21.1,0.9,95.2,2.5
CHITTAGONG,CHITTAGONG,BAYEJID BOSTAMI,211600,0.0,142960,46680,9.2,2.2,1.6,40.4,58.0,95.1,40.5,47.4,69.4,29.8,41.6,22.4,6.3,63.5,81.6,70.1,48.9,24.7,38.3,10.0,35.7,19.1,53.5,38.7,0.3
CHITTAGONG,NOAKHALI,BEGUMGANJ,555480,75.9,311140,101700,5.9,1.8,23.3,11.3,65.4,71.5,21.6,61.5,62.6,38.1,43.8,15.4,2.7,74.7,84.3,84.5,62.5,35.0,36.7,9.1,42.3,24.4,6.7,89.1,2.1
CHITTAGONG,RANGAMATI,BELAI CHHARI,28520,90.3,16760,6080,34.7,14.6,77.0,1.1,21.9,25.3,3.0,15.1,30.4,75.8,20.5,3.2,0.5,55.5,70.6,55.7,35.1,15.6,34.6,8.4,47.2,29.1,2.0,28.9,39.5
CHITTAGONG,BRAHMANBARIA,BIJOYNAGAR,255120,97.1,132440,48600,35.8,19.1,68.3,6.8,24.9,50.5,9.0,50.5,38.0,63.2,29.4,6.4,0.9,64.7,74.3,69.1,47.0,27.9,37.7,9.4,43.2,24.8,0.4,94.3,6.5
CHITTAGONG,CHITTAGONG,BOALKHALI,220820,77.1,139340,44120,10.5,3.8,17.8,18.6,63.6,87.0,20.8,62.1,60.9,36.3,42.9,18.4,2.4,74.1,84.5,84.8,64.0,39.2,29.1,6.4,43.2,24.6,1.4,95.2,1.1
CHITTAGONG,COMILLA,BRAHMAN PARA,206760,96.8,107800,38040,39.9,21.7,58.6,5.0,36.4,73.4,17.4,64.1,53.0,46.6,36.8,14.7,1.9,75.3,79.1,84.7,69.5,45.5,35.7,8.6,39.0,21.6,0.9,96.6,1.5
CHITTAGONG,BRAHMANBARIA,BRAHMANBARIA SADAR,528620,62.7,284900,95740,26.0,12.2,27.8,10.8,61.4,90.8,23.5,51.8,54.1,46.7,35.8,14.0,3.5,67.7,76.7,72.7,51.9,33.0,34.0,8.2,42.3,24.1,7.0,91.2,1.4
CHITTAGONG,COMILLA,BURICHANG,300280,96.0,170260,58380,33.3,17.3,46.1,10.8,43.2,89.4,30.5,44.2,57.6,41.1,39.0,16.9,3.0,75.3,83.1,83.6,67.2,38.9,31.5,7.1,39.2,21.8,6.9,89.2,2.7
CHITTAGONG,COX'S BAZAR,CHAKARIA,472820,84.4,256040,88400,28.5,13.2,48.9,10.1,41.0,37.6,11.8,44.8,46.9,52.8,34.8,10.5,2.0,68.9,81.2,73.4,51.3,26.0,33.2,7.8,43.5,25.2,1.4,90.7,5.6
CHITTAGONG,CHITTAGONG,CHANDANAISH,233820,84.5,136920,44480,13.5,4.8,31.7,13.9,54.3,74.8,14.4,60.5,52.1,47.4,34.3,15.8,2.5,73.9,83.0,83.9,59.9,40.6,29.0,6.4,43.3,24.9,0.4,94.6,2.2
CHITTAGONG,CHITTAGONG,CHANDGAON,257480,0.0,174720,54940,16.9,4.9,0.7,43.9,55.5,97.9,47.8,41.1,71.9,26.5,39.5,24.7,9.3,66.4,84.2,73.2,49.2,34.1,35.0,8.6,34.6,18.2,62.9,32.7,0.5
CHITTAGONG,COMILLA,CHANDINA,354220,86.0,197220,69720,41.2,22.6,57.8,9.9,32.2,66.3,20.9,57.9,50.8,50.1,36.6,11.5,1.8,69.1,76.6,76.9,56.6,32.2,38.9,9.9,39.5,22.2,1.7,93.0,3.1
CHITTAGONG,CHANDPUR,CHANDPUR SADAR,467280,63.6,267740,98140,45.5,25.9,37.7,12.0,50.2,70.8,27.1,47.6,56.7,44.3,37.7,14.3,3.7,71.4,80.6,77.9,59.0,36.4,36.9,9.3,40.6,23.1,22.2,69.6,2.8
CHITTAGONG,NOAKHALI,CHATKHIL,232020,86.3,132820,46040,4.8,1.5,40.9,6.8,52.2,74.8,25.6,60.5,69.6,32.3,50.5,14.5,2.7,73.5,83.5,84.0,60.5,35.4,34.7,8.3,38.4,21.5,1.3,92.7,3.3
CHITTAGONG,COMILLA,CHAUDDAGRAM,444360,91.5,250160,87500,34.4,19.0,41.4,12.8,45.8,80.3,18.3,54.7,56.0,46.0,36.9,15.4,1.8,74.1,82.2,84.1,66.0,36.9,36.7,9.1,40.7,23.1,2.9,92.0,2.3
CHITTAGONG,FENI,CHHAGALNAIYA,186800,73.7,110120,36760,25.9,14.4,34.9,12.4,52.7,80.6,14.9,54.0,65.4,34.7,40.2,21.9,3.1,75.8,85.5,83.1,67.1,43.3,33.2,7.8,40.2,22.7,4.1,90.8,1.4
CHITTAGONG,CHITTAGONG,CHITTAGONG PORT,206480,0.0,152380,47220,12.4,3.6,0.7,57.9,41.4,98.5,59.1,34.9,78.6,20.3,47.8,26.4,5.5,61.9,82.6,75.0,55.4,21.8,34.8,8.4,32.1,16.9,42.2,55.8,0.1
CHITTAGONG,COMILLA,COMILLA ADARSHA SADAR,530600,45.6,329920,105700,24.4,12.6,12.7,14.8,72.5,97.5,41.8,39.2,67.9,31.2,34.0,25.4,9.5,71.9,80.8,79.4,60.4,42.4,32.1,7.5,39.0,21.6,30.0,66.3,1.1
CHITTAGONG,COMILLA,COMILLA SADAR DAKSHIN,425960,74.9,249340,85100,33.3,19.3,43.9,13.1,43.0,91.4,21.7,50.2,56.0,43.6,37.4,15.9,3.1,72.0,81.3,80.7,62.8,34.7,35.9,8.8,39.0,21.8,9.5,85.5,2.4
CHITTAGONG,NOAKHALI,COMPANIGANJ,246100,88.0,139220,49020,7.6,2.5,43.9,10.3,45.7,60.4,11.9,64.3,53.9,46.1,40.8,11.3,1.8,69.7,78.2,79.6,60.0,31.0,36.7,9.0,42.3,24.6,1.1,92.4,3.5
CHITTAGONG,COX'S BAZAR,COX'S BAZAR SADAR,457920,52.7,259340,82780,26.2,12.2,23.5,7.2,69.3,53.8,20.8,41.5,49.7,52.0,31.0,13.3,3.8,65.2,78.0,69.5,47.3,27.8,38.0,10.0,46.2,27.7,8.3,88.0,6.8
CHITTAGONG,FENI,DAGANBHUIYAN,256220,86.7,150020,49040,16.3,7.5,29.5,10.3,60.2,81.0,7.6,70.5,60.6,39.2,43.7,15.1,2.0,74.0,84.2,85.7,62.8,34.7,36.2,8.9,41.8,23.5,1.8,94.0,2.6
CHITTAGONG,COMILLA,DAUDKANDI,351260,86.2,203600,69020,38.5,21.0,51.5,10.3,38.2,80.5,16.5,56.1,50.4,50.4,35.9,11.8,1.9,69.3,78.6,79.0,57.0,30.1,35.4,8.6,40.8,23.1,5.0,89.2,3.5
CHITTAGONG,COMILLA,DEBIDWAR,432280,86.1,233120,82680,41.4,24.5,51.6,10.8,37.6,68.7,28.9,49.4,51.3,48.2,36.7,13.1,2.0,72.6,78.0,82.9,63.1,36.5,37.7,9.4,40.6,23.0,2.1,94.3,4.1
CHITTAGONG,KHAGRACHHARI,DIGHINALA,101040,85.9,57160,22440,22.5,8.2,77.2,3.3,19.5,29.5,5.1,28.1,44.3,60.8,30.7,7.1,1.5,70.3,79.5,69.1,60.6,32.1,33.7,8.0,43.3,25.1,0.4,65.8,5.4
CHITTAGONG,CHITTAGONG,DOUBLE MOORING,354460,0.0,247560,77820,0.0,0.0,0.3,31.3,68.4,98.8,51.5,39.2,72.1,26.2,35.3,26.7,11.9,65.2,80.7,71.4,53.3,33.5,36.3,9.1,33.9,17.6,58.9,36.6,0.2
CHITTAGONG,CHANDPUR,FARIDGANJ,392640,91.2,219320,85680,46.6,26.8,57.1,13.7,29.2,48.9,13.9,67.7,58.4,41.5,44.3,12.4,1.8,74.1,82.4,85.0,62.8,35.2,39.5,10.1,38.4,21.5,0.7,94.3,1.5
CHITTAGONG,CHITTAGONG,FATIKCHHARI,524720,92.0,303340,99960,17.6,7.1,36.2,15.0,48.8,60.8,13.3,44.5,51.4,49.2,34.9,14.1,1.7,65.8,75.0,76.0,53.9,27.2,33.4,8.1,45.4,26.8,3.4,84.5,9.1
CHITTAGONG,FENI,FENI SADAR,509320,70.1,307260,97820,18.6,9.4,17.5,15.6,66.8,82.5,10.4,62.7,64.5,35.8,40.2,19.4,4.6,73.2,83.8,82.9,61.1,39.2,31.6,7.3,41.4,23.5,12.2,84.5,1.3
CHITTAGONG,FENI,FULGAZI,119300,96.4,75180,23520,31.8,17.8,37.3,12.3,50.4,78.2,9.1,68.8,61.9,36.6,44.0,16.8,2.6,73.4,85.4,81.8,64.2,39.1,28.2,6.2,40.2,22.8,2.1,93.1,1.3
CHITTAGONG,CHANDPUR,HAIM CHAR,111260,92.1,61180,24960,61.3,41.0,72.5,9.5,17.9,37.8,2.2,49.0,44.7,58.5,32.6,7.9,0.9,71.7,79.6,78.8,61.8,31.7,38.1,9.5,41.7,24.2,0.0,92.2,3.6
CHITTAGONG,CHANDPUR,HAJIGANJ,327460,79.4,188240,65700,53.7,32.5,46.7,12.2,41.1,62.5,6.6,50.6,60.3,40.7,42.0,14.7,2.6,74.7,83.0,82.6,65.3,42.7,36.6,9.0,40.2,22.9,6.1,88.5,3.3
CHITTAGONG,CHITTAGONG,HALISHAHAR,150220,0.0,100040,31260,5.6,1.1,2.1,19.4,78.5,99.2,55.8,32.3,74.6,25.4,30.7,28.4,15.5,68.9,81.5,75.3,53.8,39.0,35.7,8.8,33.8,17.7,55.6,41.9,0.1
CHITTAGONG,CHITTAGONG,HATHAZARI,442600,100.0,271940,81180,1.1,0.1,14.5,13.8,71.7,90.6,32.2,49.2,65.9,34.3,40.2,20.8,4.7,74.2,85.3,82.2,63.8,40.7,25.7,5.3,43.1,24.4,20.7,73.7,1.7
CHITTAGONG,NOAKHALI,HATIYA,453160,81.1,236440,91020,16.0,5.9,75.2,2.6,22.2,9.1,14.8,39.0,33.5,69.7,23.7,5.7,0.9,51.1,59.2,57.4,33.4,17.6,42.4,11.5,46.7,28.2,0.2,89.5,8.1
CHITTAGONG,COMILLA,HOMNA,210880,85.7,115360,40360,38.3,19.8,50.0,10.6,39.3,85.9,18.1,59.6,39.0,62.4,27.1,8.7,1.8,62.8,70.9,69.9,46.5,28.9,38.8,10.0,43.7,25.0,1.7,91.9,5.1
CHITTAGONG,RANGAMATI,JURAI CHHARI,28940,78.9,17600,6100,19.3,6.2,85.5,2.4,12.2,33.8,13.4,22.0,40.9,73.3,19.5,5.6,1.6,61.6,71.4,62.9,33.3,26.3,34.9,8.7,43.1,25.7,2.3,28.9,6.6
CHITTAGONG,NOAKHALI,KABIRHAT,194540,91.6,104280,36060,12.4,4.4,47.6,7.2,45.2,35.8,8.3,47.7,51.3,50.6,39.3,9.0,1.1,70.1,79.7,77.1,53.7,32.8,40.8,10.8,45.9,27.2,0.1,80.0,9.9
CHITTAGONG,CHANDPUR,KACHUA,379980,92.9,210900,76640,56.3,35.0,58.3,7.4,34.4,55.7,3.8,53.9,50.9,49.2,37.6,11.4,1.7,72.5,80.0,82.2,61.6,36.7,38.5,9.7,41.0,23.6,0.9,93.7,2.7
CHITTAGONG,LAKSHMIPUR,KAMALNAGAR,225920,94.5,116180,46080,18.7,7.6,73.7,6.1,20.2,17.1,3.1,55.1,29.9,70.1,22.7,5.9,1.2,58.3,68.0,64.4,37.3,19.3,40.1,10.4,45.8,27.1,0.2,84.2,7.5
CHITTAGONG,RANGAMATI,KAPTAI,59060,77.2,37660,13520,12.2,3.9,48.5,14.9,36.6,64.8,21.3,37.7,56.0,46.1,33.2,16.7,4.0,72.9,80.6,80.9,66.4,42.3,32.5,7.9,39.8,23.4,30.3,31.1,14.5
CHITTAGONG,BRAHMANBARIA,KASBA,316480,87.3,169780,60920,25.5,11.9,57.5,10.4,32.1,75.0,22.9,53.9,50.8,47.9,37.2,13.3,1.6,72.5,79.1,82.4,63.8,35.3,37.5,9.4,39.8,22.1,1.1,96.0,2.3
CHITTAGONG,RANGAMATI,KAWKHALI (BETBUNIA),60320,83.9,35580,12860,23.4,8.7,66.0,5.9,28.2,43.1,4.5,28.6,43.6,58.3,31.8,8.0,1.8,69.4,81.4,75.4,46.1,26.9,33.5,7.9,44.2,25.2,1.7,53.7,17.0
CHITTAGONG,KHAGRACHHARI,KHAGRACHHARI SADAR,112740,38.1,68740,24320,19.5,7.3,45.8,2.6,51.5,52.5,20.4,40.8,55.0,47.5,31.4,16.8,4.3,72.9,82.6,75.0,60.1,44.8,34.6,8.5,41.4,24.1,1.4,78.9,2.6
CHITTAGONG,CHITTAGONG,KHULSHI,277980,0.0,189280,60800,1.1,0.1,1.2,23.9,74.9,97.6,42.6,40.6,70.7,28.1,34.4,25.4,12.2,63.4,76.5,69.3,55.9,33.5,39.6,10.6,36.0,19.2,70.8,20.1,0.3
CHITTAGONG,CHITTAGONG,KOTWALI,315760,0.0,224940,65660,0.3,0.0,0.4,23.5,76.1,97.6,66.2,26.5,82.2,17.2,26.8,34.9,21.1,72.9,84.6,75.2,62.6,53.9,28.2,6.4,33.4,17.8,76.2,19.5,0.7
CHITTAGONG,COX'S BAZAR,KUTUBDIA,124820,80.4,64740,22580,31.1,13.8,55.4,2.0,42.6,7.1,28.3,50.8,33.0,62.6,28.6,7.5,1.3,59.6,68.6,64.9,43.8,18.7,35.9,8.9,46.3,27.6,0.7,94.9,3.5
CHITTAGONG,COMILLA,LAKSAM,294860,75.9,163820,57140,37.4,20.0,36.0,7.3,56.7,76.7,17.2,58.2,55.5,45.9,38.5,12.9,2.6,70.5,79.9,77.7,56.9,33.0,38.3,9.7,41.6,23.7,4.2,89.1,3.6
CHITTAGONG,KHAGRACHHARI,LAKSHMICHHARI,28080,93.0,16900,6060,31.0,12.6,91.7,1.5,6.8,16.5,3.0,14.2,25.1,78.5,17.6,3.7,0.1,59.2,69.3,60.0,46.2,20.5,40.5,10.7,45.5,26.8,0.3,21.8,25.4
CHITTAGONG,LAKSHMIPUR,LAKSHMIPUR SADAR,683500,87.7,388640,144180,45.6,28.8,47.8,10.7,41.5,55.0,22.8,55.9,53.0,49.2,36.0,12.3,2.5,67.1,76.6,75.2,56.4,30.2,39.1,10.0,41.4,23.6,5.9,87.1,3.0
CHITTAGONG,BANDARBAN,LAMA,112180,82.8,62900,22440,41.0,21.6,71.1,11.8,17.1,23.3,5.3,18.2,30.8,71.4,22.7,5.2,0.7,60.2,73.2,60.4,38.5,17.4,35.8,8.9,48.6,29.8,1.1,61.5,33.9
CHITTAGONG,RANGAMATI,LANGADU,86880,86.7,49480,17980,29.3,9.9,80.8,7.9,11.4,17.2,1.8,17.8,40.8,63.0,31.3,5.1,0.6,68.2,77.9,74.0,42.5,22.5,34.0,8.2,44.3,26.3,0.3,26.6,4.8
CHITTAGONG,CHITTAGONG,LOHAGARA,280900,89.0,153060,52880,18.3,6.9,31.6,15.4,53.0,60.0,21.4,42.9,51.1,46.5,38.3,12.6,2.7,74.5,84.5,83.4,61.8,31.0,34.5,8.3,45.0,26.0,3.2,88.8,4.9
CHITTAGONG,KHAGRACHHARI,MAHALCHHARI,50420,80.3,29520,11280,21.4,7.5,75.3,1.2,23.5,28.9,3.0,31.6,41.3,62.4,25.7,10.1,1.8,71.7,78.3,79.4,69.9,28.6,35.2,8.5,43.5,26.0,0.7,65.8,7.3
CHITTAGONG,COX'S BAZAR,MAHESHKHALI,319100,91.1,169560,58180,40.2,21.4,71.5,5.1,23.3,24.7,3.4,24.9,29.3,72.3,20.2,6.1,1.3,53.1,62.3,57.1,34.9,22.5,34.3,8.2,46.1,27.5,0.6,89.8,20.6
CHITTAGONG,KHAGRACHHARI,MANIKCHHARI,61700,43.0,33780,13340,30.1,12.8,65.8,1.2,33.1,24.3,8.4,31.5,38.2,64.3,29.1,5.7,0.8,69.3,81.8,71.9,47.9,24.1,43.6,12.3,47.2,29.8,0.3,68.8,14.5
CHITTAGONG,COMILLA,MANOHARGANJ,243460,99.5,128360,44840,47.1,28.0,51.8,6.3,41.9,58.1,18.9,51.8,57.2,44.9,42.7,10.9,1.6,75.1,84.5,83.9,62.6,29.5,39.3,10.2,40.0,22.4,1.1,88.8,7.3
CHITTAGONG,KHAGRACHHARI,MATIRANGA,125220,81.0,69100,27260,28.3,11.4,68.9,3.0,28.1,29.6,7.5,27.3,41.2,62.2,29.6,7.0,1.2,72.8,82.8,79.7,55.5,25.5,37.7,9.4,45.5,27.0,0.4,69.6,10.5
CHITTAGONG,CHANDPUR,MATLAB DAKSHIN,209480,72.0,119740,45580,53.7,32.4,51.9,11.0,37.2,48.8,25.9,38.4,56.3,44.4,40.4,12.9,2.3,75.2,83.3,83.1,63.8,38.2,39.6,10.3,40.3,23.0,5.8,88.2,4.3
CHITTAGONG,CHANDPUR,MATLAB UTTAR,291280,87.2,171460,63760,49.9,28.6,53.7,12.5,33.8,45.1,9.6,79.2,53.4,46.5,39.4,12.7,1.4,75.4,80.8,84.6,68.0,42.3,36.6,9.0,40.2,23.1,0.2,96.7,1.0
CHITTAGONG,COMILLA,MEGHNA,112940,94.4,64780,21600,37.3,19.0,52.7,12.7,34.6,77.9,4.8,82.7,41.4,60.1,31.6,7.2,1.1,67.7,78.2,72.0,57.1,24.0,32.8,7.6,42.2,24.0,0.5,94.6,1.5
CHITTAGONG,CHITTAGONG,MIRSHARAI,399800,92.1,237940,79540,13.4,4.6,42.1,8.1,49.8,56.2,15.8,60.0,53.8,48.0,37.6,12.4,1.9,69.7,81.5,79.4,57.2,30.1,36.5,9.0,41.0,23.3,1.4,94.3,2.3
CHITTAGONG,COMILLA,MURADNAGAR,520660,94.1,279880,101800,45.0,27.0,55.8,9.0,35.2,58.1,18.2,54.6,47.4,53.3,35.1,10.3,1.3,67.3,75.0,75.3,54.6,30.0,39.6,10.2,41.6,23.7,0.7,94.6,3.3
CHITTAGONG,BRAHMANBARIA,NABINAGAR,495640,89.3,256660,94880,30.5,15.0,60.6,9.2,30.2,66.5,25.3,52.2,43.3,56.9,33.2,8.9,1.0,67.7,75.0,76.6,55.0,25.1,42.2,11.3,41.2,23.4,0.4,95.3,3.0
CHITTAGONG,BANDARBAN,NAIKHONGCHHARI,62480,71.5,33560,12220,46.0,26.3,72.7,7.3,20.0,15.9,5.7,15.7,31.2,70.7,21.4,6.5,1.4,53.2,64.4,53.6,35.8,14.2,44.7,12.9,49.2,31.0,2.3,55.0,40.1
CHITTAGONG,COMILLA,NANGALKOT,374360,92.8,201280,72900,45.1,26.2,52.9,11.2,35.9,50.3,13.2,62.0,51.5,50.3,36.3,11.6,1.8,72.0,80.2,81.0,59.4,29.9,42.4,11.5,41.4,23.7,1.2,91.4,3.7
CHITTAGONG,RANGAMATI,NANIARCHAR,43740,85.6,26040,9480,21.2,6.2,89.4,1.4,9.2,25.9,0.6,19.0,41.4,62.7,29.5,7.1,0.6,68.1,78.5,75.0,39.4,30.4,31.8,7.2,42.2,24.8,0.6,30.2,3.6
CHITTAGONG,BRAHMANBARIA,NASIRNAGAR,312420,94.8,159860,59020,43.7,25.0,74.9,7.8,17.4,33.6,10.1,41.7,31.8,70.4,24.2,4.5,1.0,59.3,71.5,58.0,37.8,18.9,40.8,10.7,44.9,26.4,0.3,94.2,4.8
CHITTAGONG,NOAKHALI,NOAKHALI SADAR,519500,75.6,283660,100200,10.2,3.7,34.7,11.4,53.8,53.2,19.0,48.2,54.8,45.8,34.5,15.7,4.0,69.1,76.6,76.5,54.7,38.3,42.0,11.7,43.8,25.6,7.5,84.3,5.6
CHITTAGONG,CHITTAGONG,PAHARTALI,191280,0.0,129540,42020,30.0,11.7,2.1,41.4,56.5,98.4,31.7,50.7,68.8,30.7,39.1,22.3,7.9,59.4,76.0,66.4,41.6,24.6,37.0,9.5,33.8,17.6,54.1,40.9,0.2
CHITTAGONG,KHAGRACHHARI,PANCHHARI,62740,63.9,37760,14160,23.4,8.4,72.6,2.3,25.1,28.1,1.7,14.4,40.7,61.4,28.4,8.9,1.2,70.6,79.0,74.3,61.7,34.6,39.2,10.2,45.8,28.1,0.7,68.5,6.1
CHITTAGONG,CHITTAGONG,PANCHLAISH,222500,0.0,149040,44720,0.8,0.1,0.6,31.2,68.3,98.7,57.0,32.1,74.3,27.6,31.5,25.4,15.5,63.4,78.0,66.9,50.1,37.1,36.3,9.2,33.0,17.0,63.6,34.0,0.0
CHITTAGONG,FENI,PARSHURAM,104300,71.2,60300,20340,30.6,18.6,50.2,5.1,44.8,62.4,1.7,68.4,61.1,39.0,43.7,15.1,2.2,72.7,82.7,81.5,59.3,35.1,37.4,9.5,39.5,22.5,0.8,96.1,0.9
CHITTAGONG,CHITTAGONG,PATENGA,134660,0.0,92860,30120,3.9,0.6,4.6,43.4,51.9,97.3,44.2,39.9,72.7,27.3,40.8,25.9,6.0,68.7,84.1,79.3,54.0,34.1,37.2,9.4,33.8,18.4,16.9,80.2,0.8
CHITTAGONG,CHITTAGONG,PATIYA,525260,90.2,321380,101560,8.1,2.4,19.8,22.2,58.0,85.3,20.8,51.3,55.8,42.0,38.8,16.5,2.7,73.7,84.4,82.7,61.3,36.6,27.9,6.0,44.2,25.4,2.3,93.2,2.5
CHITTAGONG,COX'S BAZAR,PEKUA,170060,83.5,85720,31960,30.9,14.3,72.4,5.5,22.0,19.1,31.9,37.4,33.7,65.7,25.8,7.0,1.5,65.0,73.6,70.0,48.1,22.4,38.5,9.9,43.1,25.0,0.5,97.6,7.8
CHITTAGONG,RANGAMATI,RAJASTHALI,26980,86.7,16480,6020,20.5,7.2,63.9,3.6,32.4,40.5,11.3,25.9,40.9,60.6,25.4,12.8,1.2,76.6,84.7,79.8,62.0,55.7,32.2,7.5,43.8,25.8,2.0,66.1,18.9
CHITTAGONG,LAKSHMIPUR,RAMGANJ,283700,84.1,162160,59280,21.4,12.0,43.9,8.6,47.5,64.5,13.2,76.5,65.0,38.8,46.1,12.6,2.5,74.4,82.8,85.8,64.5,36.0,38.8,9.9,37.9,21.1,2.3,92.9,2.5
CHITTAGONG,KHAGRACHHARI,RAMGARH,71140,48.7,38780,14920,32.6,14.8,60.6,6.3,33.1,35.8,15.5,30.7,45.2,55.5,33.5,9.2,1.9,69.9,81.5,77.7,45.2,21.6,39.8,10.6,46.4,28.0,1.3,63.7,13.8
CHITTAGONG,LAKSHMIPUR,RAMGATI,259640,77.7,132800,55720,30.4,16.0,61.6,7.6,30.7,17.2,10.4,45.4,37.3,65.1,26.4,7.3,1.1,60.4,65.9,68.9,44.4,26.6,43.1,11.7,46.5,28.1,0.3,84.4,8.7
CHITTAGONG,COX'S BAZAR,RAMU,270320,83.9,144780,47880,34.3,17.8,56.2,11.4,32.4,26.9,15.1,37.4,35.1,64.6,27.3,6.7,1.4,58.1,71.2,61.3,37.8,17.5,37.6,9.5,47.7,28.6,0.7,87.3,17.5
CHITTAGONG,RANGAMATI,RANGAMATI SADAR,127520,32.9,85340,26880,7.3,1.7,34.6,12.5,52.8,75.4,22.8,46.1,61.6,40.4,31.4,22.2,5.9,76.4,85.7,81.9,68.2,44.2,31.3,7.3,38.3,21.5,18.2,55.5,1.4
CHITTAGONG,CHITTAGONG,RANGUNIA,341880,81.6,206760,67720,14.0,5.1,35.1,10.4,54.5,76.7,19.3,52.2,50.5,47.5,34.7,15.2,2.6,69.0,82.0,78.1,49.9,29.7,32.6,7.7,43.5,25.0,2.4,89.8,4.8
CHITTAGONG,CHITTAGONG,RAOZAN,326740,81.0,200220,63340,8.5,2.9,22.1,15.0,62.9,89.9,39.1,44.5,64.0,34.8,39.8,22.2,3.2,74.0,86.1,85.2,62.0,34.8,29.9,6.7,41.1,23.2,5.8,90.4,1.8
CHITTAGONG,BANDARBAN,ROWANGCHHARI,26880,82.1,16300,6280,32.9,16.2,85.3,0.6,14.1,24.5,5.4,14.3,24.2,78.8,14.4,6.4,0.4,60.2,70.3,71.3,28.6,23.7,40.9,11.0,45.9,27.7,22.0,10.5,41.7
CHITTAGONG,LAKSHMIPUR,ROYPUR,274020,78.6,158300,60100,16.7,8.7,55.1,8.7,36.2,44.3,22.9,55.4,49.4,53.5,35.9,9.1,1.4,68.1,80.7,76.8,47.0,25.8,37.5,9.3,41.7,23.9,4.3,91.1,2.1
CHITTAGONG,BANDARBAN,RUMA,29120,99.9,17460,5940,42.3,23.4,80.3,2.3,17.4,33.3,1.7,5.7,25.7,80.6,11.3,8.1,0.0,47.3,60.9,41.0,28.2,19.6,39.1,10.5,48.2,28.7,12.1,5.7,55.9
CHITTAGONG,CHITTAGONG,SANDWIP,279600,80.6,156500,56640,19.1,7.4,47.0,7.1,45.9,31.8,15.8,61.8,51.5,52.3,38.4,8.1,1.2,68.6,79.9,74.7,53.7,28.0,41.4,11.1,42.4,24.7,0.2,94.0,2.8
CHITTAGONG,BRAHMANBARIA,SARAIL,320300,85.2,163140,58580,31.1,15.5,61.2,8.9,29.9,82.5,11.1,46.8,37.6,64.1,28.1,6.6,1.2,62.3,72.9,61.8,45.1,20.7,39.9,10.4,43.2,24.6,0.3,96.2,2.8
CHITTAGONG,CHITTAGONG,SATKANIA,384920,86.2,214000,70760,15.2,5.5,34.1,15.3,50.6,70.1,35.0,38.0,53.9,45.5,39.0,13.1,2.4,76.8,85.2,86.3,65.0,38.9,32.5,7.5,42.9,24.8,3.1,90.4,4.0
CHITTAGONG,NOAKHALI,SENBAGH,288980,90.7,162860,53920,5.4,1.7,34.9,12.5,52.7,73.0,19.1,61.8,58.3,41.5,45.4,11.5,1.6,72.9,82.1,84.0,63.7,30.0,35.6,8.8,42.1,24.0,0.6,94.5,2.7
CHITTAGONG,CHANDPUR,SHAHRASTI,227520,87.6,131400,46160,50.5,29.5,51.8,11.5,36.7,55.6,8.3,51.6,62.0,40.8,43.5,13.6,2.2,75.9,85.5,84.9,66.0,36.5,37.6,9.5,39.2,22.4,1.2,94.2,2.4
CHITTAGONG,CHITTAGONG,SITAKUNDA,392580,87.9,251340,77260,11.5,3.6,17.8,29.6,52.6,82.2,30.4,50.6,59.6,41.6,40.3,15.2,2.8,70.6,82.4,80.9,59.4,34.0,24.5,5.2,42.7,24.5,8.5,87.2,1.1
CHITTAGONG,FENI,SONAGAZI,265660,91.9,150940,50140,44.5,28.5,45.1,9.7,45.2,44.8,3.4,74.2,51.6,48.5,38.4,11.2,1.9,71.5,84.8,79.5,57.6,25.4,38.5,9.7,42.8,24.7,0.5,93.3,2.8
CHITTAGONG,NOAKHALI,SONAIMURI,329020,89.4,180080,60540,5.0,1.5,37.3,11.2,51.5,76.5,45.9,45.2,64.7,36.0,46.8,15.2,2.0,73.8,83.5,83.9,62.7,32.0,37.6,9.5,39.7,22.2,1.5,93.5,2.0
CHITTAGONG,NOAKHALI,SUBARNACHAR,291020,97.4,147200,55420,18.7,7.3,71.0,4.3,24.8,13.3,11.5,36.8,32.4,69.8,23.6,5.5,1.1,58.8,66.0,63.3,42.1,26.1,40.3,10.5,46.9,28.0,0.0,81.9,14.4
CHITTAGONG,COX'S BAZAR,TEKNAF,263200,80.4,135560,46340,38.2,19.7,51.3,15.6,33.1,25.9,8.1,37.1,25.3,76.7,17.4,4.9,1.1,47.1,59.5,46.8,29.8,12.0,42.7,11.6,50.4,30.7,1.6,77.7,13.6
CHITTAGONG,BANDARBAN,THANCHI,23000,93.3,12700,4860,53.0,31.7,79.7,4.8,15.5,12.8,2.5,2.5,26.2,77.1,12.2,10.0,0.6,53.1,61.1,58.2,25.0,7.7,43.6,12.5,50.6,31.0,11.5,7.0,79.0
CHITTAGONG,COMILLA,TITAS,186400,98.0,102640,36060,37.7,19.4,56.6,8.7,34.7,82.8,24.3,59.1,40.7,60.1,30.1,9.0,0.8,67.3,74.3,78.6,54.7,29.7,39.3,10.0,41.0,22.8,2.5,94.1,2.6
CHITTAGONG,COX'S BAZAR,UKHIA,207080,86.8,107860,37940,37.8,20.1,40.5,4.2,55.3,23.4,6.7,27.5,32.9,68.6,22.8,6.9,1.7,61.9,76.3,61.0,39.1,19.9,38.9,10.0,51.0,32.1,0.9,83.5,22.9
DHAKA,DHAKA,ADABOR,205800,0.0,145040,49600,12.5,1.4,0.4,18.6,81.0,95.8,48.5,44.8,71.7,30.4,28.0,21.2,20.4,53.7,69.1,54.3,33.6,29.7,23.1,4.3,33.9,17.5,82.3,16.8,0.2
DHAKA,FARIDPUR,ALFADANGA,110480,93.4,63100,24300,29.9,15.5,57.8,7.0,35.2,43.2,63.8,27.9,52.7,50.0,38.7,8.8,2.5,78.6,86.8,84.3,66.5,45.5,34.1,7.8,37.9,21.0,0.2,98.4,1.6
DHAKA,NARAYANGANJ,ARAIHAZAR,377720,96.2,220960,77460,34.4,19.8,28.9,28.4,42.6,86.6,6.5,38.7,39.8,61.7,30.2,6.9,1.3,64.9,76.6,70.1,46.5,26.8,34.9,8.1,49.0,29.5,1.1,95.1,7.9
DHAKA,NETRAKONA,ATPARA,143280,93.2,79140,31440,31.6,17.2,79.0,3.7,17.4,27.1,5.0,37.2,34.1,65.9,24.8,7.8,1.6,65.2,70.8,68.9,53.5,35.8,39.4,9.8,43.6,25.5,0.3,90.1,9.9
DHAKA,KISHOREGANJ,AUSTAGRAM,152660,88.3,78560,31120,33.7,20.5,80.9,4.6,14.5,42.2,5.5,30.6,28.9,74.8,20.8,3.8,0.6,55.8,65.7,57.7,32.5,15.9,40.5,10.3,44.8,26.3,0.1,92.7,8.7
DHAKA,DHAKA,BADDA,534100,0.0,385280,129620,13.4,1.2,1.7,26.4,71.9,98.5,48.7,47.5,75.4,25.7,38.3,24.4,11.6,58.7,77.5,66.5,40.4,25.6,20.9,3.7,29.8,14.8,81.1,18.1,0.1
DHAKA,KISHOREGANJ,BAJITPUR,244120,86.5,132780,53380,28.2,14.8,54.3,6.7,39.0,57.1,13.6,34.8,39.2,61.8,28.8,7.9,1.5,67.7,77.2,73.0,47.7,28.0,38.0,9.3,44.8,26.4,1.2,95.4,7.3
DHAKA,JAMALPUR,BAKSHIGANJ,220940,87.0,123260,52220,50.4,34.3,77.7,3.6,18.7,23.5,16.0,40.7,28.5,73.2,19.3,6.4,1.2,67.9,72.8,78.0,50.1,31.7,40.8,10.4,43.7,25.5,0.1,97.3,8.9
DHAKA,RAJBARI,BALIAKANDI,208360,95.0,128500,46260,39.7,24.0,76.7,7.2,16.1,39.1,48.2,32.2,49.3,53.2,34.9,9.9,2.0,77.3,84.6,84.3,73.8,38.7,32.5,7.2,36.9,20.6,0.2,96.0,3.6
DHAKA,NARAYANGANJ,BANDAR,314280,46.6,204140,73180,20.9,4.0,7.2,38.8,54.0,97.4,27.3,53.3,59.1,44.2,40.5,12.7,2.6,66.0,80.4,71.9,50.9,28.2,27.4,5.6,39.8,22.2,22.3,74.4,0.9
DHAKA,DHAKA,BANGSHAL,186920,0.0,139320,35380,9.4,0.9,0.1,29.5,70.4,99.7,56.1,43.5,76.7,27.1,44.7,21.9,6.2,54.3,79.4,57.6,38.1,22.0,19.3,3.2,34.6,18.5,95.4,3.8,0.1
DHAKA,NETRAKONA,BARHATTA,177420,95.8,97720,37860,35.2,20.1,76.2,5.1,18.7,24.1,10.9,33.1,34.4,66.4,26.0,6.2,1.5,60.8,72.6,62.2,41.0,20.5,39.4,9.8,44.2,26.0,0.6,89.4,11.1
DHAKA,TANGAIL,BASAIL,159500,91.5,100140,38580,19.7,11.1,58.8,9.5,31.7,69.7,39.7,45.3,48.1,51.5,35.7,11.3,1.4,73.1,80.8,84.1,62.0,37.6,32.7,7.3,38.6,21.4,0.2,98.6,2.8
DHAKA,NARSINGDI,BELABO,189180,89.0,106880,42380,21.9,11.7,54.9,11.0,34.2,58.8,21.7,35.7,45.8,55.3,32.9,9.8,2.0,76.6,81.9,83.2,67.9,45.6,34.6,7.9,42.2,24.4,0.1,97.1,13.7
DHAKA,KISHOREGANJ,BHAIRAB,295480,60.3,157780,58940,33.9,15.4,25.8,22.8,51.4,85.8,20.7,35.6,43.4,57.2,31.4,9.6,1.9,71.3,81.3,76.5,52.4,29.0,35.0,8.3,45.8,26.9,3.2,94.8,7.5
DHAKA,MYMENSINGH,BHALUKA,431880,85.9,270040,106920,31.1,14.8,41.2,30.0,28.8,53.8,26.1,41.3,48.8,51.2,35.0,11.5,2.3,69.6,79.7,77.9,55.1,28.4,33.5,7.7,42.4,24.6,3.4,91.6,7.7
DHAKA,FARIDPUR,BHANGA,257420,81.8,149060,57180,33.5,17.0,60.8,11.9,27.3,54.1,28.6,53.1,44.7,57.8,32.7,7.5,2.0,68.0,76.8,76.2,54.0,29.4,35.4,8.3,40.1,22.9,0.8,95.4,2.9
DHAKA,SHARIATPUR,BHEDARGANJ,253620,96.5,134080,53340,56.3,38.3,67.2,6.5,26.4,39.0,31.7,52.3,39.1,64.7,28.7,5.4,1.3,69.3,77.8,77.4,49.0,27.6,37.7,9.1,41.5,24.0,0.2,96.7,2.4
DHAKA,TANGAIL,BHUAPUR,192040,85.2,113160,46440,34.4,21.4,57.6,7.9,34.5,47.9,13.0,47.0,40.2,57.7,27.9,11.8,2.6,75.2,78.3,84.0,69.1,48.8,37.4,9.2,42.7,24.5,0.3,97.6,4.3
DHAKA,DHAKA,BIMAN BANDAR,9573,0.0,6992,2067,1.3,0.3,0.7,21.7,77.6,92.7,77.4,15.8,83.1,17.7,19.3,27.7,35.2,62.5,77.3,62.9,44.2,47.2,20.5,3.7,34.8,19.3,92.6,3.1,1.0
DHAKA,FARIDPUR,BOALMARI,254220,88.7,147960,56320,39.3,21.5,65.6,7.6,26.8,32.4,30.3,43.8,44.9,55.6,32.5,10.1,1.8,72.0,78.4,79.8,58.9,39.1,35.6,8.3,41.2,23.6,0.7,95.9,3.2
DHAKA,DHAKA,CANTONMENT,130860,0.0,92960,25920,1.5,0.0,0.7,11.5,87.8,99.2,79.1,19.4,87.8,13.0,23.4,37.2,26.3,73.2,82.1,72.5,59.8,61.8,17.7,2.8,30.4,15.0,98.0,1.5,0.2
DHAKA,DHAKA,CHAK BAZAR,170760,0.0,133820,31000,10.7,1.0,0.2,28.6,71.2,99.7,46.0,51.1,72.3,29.6,42.1,20.5,7.8,55.6,80.1,61.3,33.3,25.3,20.7,3.6,34.4,18.0,94.2,5.2,0.4
DHAKA,FARIDPUR,CHAR BHADRASAN,61600,64.1,35680,14280,35.8,19.8,69.1,6.4,24.5,47.3,27.2,52.7,38.7,62.1,28.4,7.9,1.6,67.1,74.5,74.1,50.5,34.7,37.5,9.1,42.1,24.8,0.4,97.5,2.0
DHAKA,DHAKA,DAKSHINKHAN,258180,0.0,181200,63880,24.6,11.8,1.2,27.2,71.6,99.1,48.8,47.5,78.0,23.5,33.3,30.4,12.8,64.7,76.8,75.0,53.9,32.4,20.0,3.4,27.9,13.0,77.6,21.8,0.1
DHAKA,SHARIATPUR,DAMUDYA,111720,83.6,63620,24200,47.9,29.4,54.5,9.6,35.9,43.6,62.3,29.5,51.6,53.0,36.6,8.9,1.6,68.3,77.6,80.9,50.2,28.8,35.2,8.3,40.3,22.7,1.0,95.8,1.9
DHAKA,DHAKA,DARUS SALAM,158980,0.0,111640,40040,14.2,2.1,0.9,30.0,69.1,97.9,30.7,60.0,69.3,33.2,36.1,20.5,10.1,58.2,75.4,60.6,42.6,26.0,22.5,4.1,31.8,16.0,84.0,11.1,0.3
DHAKA,MANIKGANJ,DAULATPUR,168040,95.6,95560,38780,29.4,15.7,81.6,5.7,12.7,32.9,12.3,34.5,31.7,68.2,22.2,8.0,1.6,70.7,72.8,81.4,64.1,42.9,41.3,10.7,43.7,25.5,0.2,93.9,3.0
DHAKA,TANGAIL,DELDUAR,204580,92.7,129500,48240,24.3,14.5,48.2,15.5,36.3,57.3,22.2,52.4,49.2,51.5,34.2,12.2,2.0,74.2,80.2,84.2,67.1,39.2,33.2,7.5,41.5,23.8,0.6,96.6,3.4
DHAKA,DHAKA,DEMRA,225600,0.0,149860,52960,19.9,2.8,2.4,24.8,72.8,99.1,47.0,47.8,74.9,28.1,40.2,24.6,7.2,70.3,84.9,76.0,55.4,34.9,21.0,3.7,29.5,14.9,78.4,19.8,0.2
DHAKA,JAMALPUR,DEWANGANJ,259840,81.4,147600,60720,58.5,41.6,73.1,4.1,22.8,21.1,4.3,30.6,28.3,71.8,19.9,6.9,1.5,70.5,74.8,79.8,59.9,34.7,42.0,10.9,46.9,27.8,0.2,94.5,16.7
DHAKA,DHAKA,DHAMRAI,415800,85.6,269460,94760,22.8,9.1,43.0,26.7,30.3,81.7,23.4,56.3,47.6,52.2,33.1,12.6,2.2,75.8,84.3,85.7,64.9,34.8,31.6,6.9,40.5,22.9,10.2,87.3,1.4
DHAKA,TANGAIL,DHANBARI,178640,80.1,111140,45940,37.0,21.1,70.4,4.9,24.7,35.4,5.4,21.6,39.5,60.8,26.6,10.1,2.4,76.2,80.2,83.4,69.2,50.0,36.7,8.8,43.9,26.1,0.3,97.2,9.1
DHAKA,DHAKA,DHANMONDI,146480,0.0,110900,33200,1.4,0.1,0.2,11.4,88.4,99.2,86.7,11.9,89.1,11.1,19.1,30.9,39.0,62.9,81.0,56.1,54.2,49.4,17.8,2.9,31.4,16.3,93.8,5.4,0.1
DHAKA,MYMENSINGH,DHOBAURA,196700,96.2,101780,44000,58.2,38.4,75.9,3.5,20.7,17.1,19.3,33.6,29.1,71.0,22.5,5.3,1.3,62.2,67.8,68.0,48.1,26.6,42.2,11.0,45.5,27.1,0.4,93.5,13.3
DHAKA,DHAKA,DOHAR,226180,83.7,133960,49400,23.9,10.1,33.9,17.5,48.6,82.8,29.4,57.5,59.2,45.6,41.6,10.9,1.8,71.3,82.3,81.5,57.2,29.0,31.5,7.0,39.8,22.3,0.8,96.3,0.9
DHAKA,NETRAKONA,DURGAPUR,225780,87.8,120080,50600,30.2,11.9,72.5,4.9,22.5,21.6,12.4,30.4,37.7,62.5,29.1,6.9,1.5,64.0,73.1,65.5,46.2,26.7,39.2,9.7,43.6,25.7,0.0,88.8,13.7
DHAKA,FARIDPUR,FARIDPUR SADAR,470360,74.3,293000,103560,38.3,21.3,36.0,14.9,49.1,68.8,34.6,43.3,54.7,46.9,33.2,14.9,5.0,74.5,81.5,81.4,65.4,44.7,31.5,6.9,40.9,23.5,10.6,87.0,1.6
DHAKA,MYMENSINGH,FULBARIA,452260,88.7,250080,101200,52.6,32.8,66.4,10.0,23.5,32.8,8.6,27.5,36.1,63.6,26.3,8.1,2.0,71.5,78.1,78.3,57.8,35.4,36.9,8.9,43.7,25.8,0.5,92.1,20.5
DHAKA,MYMENSINGH,GAFFARGAON,429460,89.9,245860,99080,43.9,25.8,64.1,12.4,23.5,43.1,7.3,32.9,45.2,53.4,32.2,11.9,2.5,71.6,79.4,78.6,63.6,35.4,35.2,8.3,41.6,24.0,2.1,89.9,12.2
DHAKA,MYMENSINGH,GAURIPUR,325700,92.1,177640,72080,50.6,30.5,66.4,10.0,23.6,32.9,15.5,31.7,40.0,58.8,30.4,8.9,1.9,71.0,79.3,73.5,56.6,34.3,37.1,8.9,43.5,25.5,0.3,96.8,13.0
DHAKA,MUNSHIGANJ,GAZARIA,156320,95.8,94760,35000,26.8,14.7,45.0,25.8,29.2,77.0,19.8,58.3,54.8,44.8,38.8,14.3,2.1,76.7,84.9,86.3,68.3,38.7,29.7,6.3,38.9,21.5,3.8,90.2,2.2
DHAKA,GAZIPUR,GAZIPUR SADAR,1822620,62.0,1304480,449160,22.1,8.1,5.1,62.2,32.7,94.8,37.6,52.8,68.8,30.6,45.1,19.6,4.6,58.1,75.1,69.9,44.5,19.0,24.2,4.6,37.6,20.6,60.1,38.4,0.6
DHAKA,DHAKA,GENDARIA,138200,0.0,96860,29580,9.3,0.8,0.4,18.5,81.1,99.1,77.8,20.8,77.9,25.0,33.7,30.0,11.3,66.1,82.8,68.3,51.7,34.1,19.1,3.2,32.4,16.4,88.6,10.9,0.1
DHAKA,TANGAIL,GHATAIL,420520,92.5,253820,104020,28.7,17.7,67.4,7.5,25.1,61.8,20.5,45.4,39.3,60.2,27.2,10.5,2.1,74.5,79.5,81.9,67.1,42.0,35.2,8.2,39.9,22.4,2.1,94.3,7.2
DHAKA,MANIKGANJ,GHIOR,148360,95.3,93020,34780,13.7,5.7,62.0,11.7,26.3,55.1,23.5,44.3,50.1,51.1,34.7,12.0,2.2,80.2,84.8,89.3,75.1,48.9,32.9,7.4,40.0,22.7,0.2,97.4,2.3
DHAKA,RAJBARI,GOALANDA,110760,73.2,65680,24600,50.5,31.8,51.1,10.8,38.1,45.1,21.8,39.9,36.0,65.8,25.8,7.0,1.4,71.1,78.4,77.6,61.8,32.4,37.5,9.1,46.4,27.8,0.3,97.7,2.6
DHAKA,GOPALGANJ,GOPALGANJ SADAR,343880,84.5,199400,73160,41.1,25.2,57.6,7.4,35.1,59.9,43.2,42.6,61.7,40.2,41.3,14.6,3.8,75.2,82.4,81.1,65.3,43.1,30.4,6.6,36.3,20.0,15.2,81.8,1.7
DHAKA,TANGAIL,GOPALPUR,253240,80.4,154360,63980,29.3,16.9,70.5,7.7,21.8,49.9,18.9,39.8,41.5,58.6,28.4,10.3,2.8,76.9,80.1,84.9,69.6,51.9,36.2,8.6,40.7,23.6,0.9,96.2,6.6
DHAKA,SHARIATPUR,GOSAIRHAT,155320,93.5,81580,33180,58.3,40.7,77.3,4.9,17.8,29.2,22.1,56.7,37.9,64.3,29.3,5.4,1.0,69.5,77.9,76.2,48.2,28.1,38.8,9.7,40.6,23.2,0.5,92.8,2.5
DHAKA,DHAKA,GULSHAN,253120,0.0,190340,59100,3.3,0.8,0.6,18.6,80.8,99.1,56.9,36.4,78.2,22.8,30.7,25.0,21.5,56.5,73.6,58.9,40.7,31.0,21.6,3.9,33.5,17.4,83.7,4.8,0.1
DHAKA,MYMENSINGH,HALUAGHAT,288620,96.2,157760,69720,50.3,30.6,72.0,5.0,23.1,23.4,8.7,34.5,35.3,64.9,27.0,6.5,1.6,73.0,80.4,77.8,57.8,31.8,38.7,9.5,43.7,25.6,0.4,92.5,10.6
DHAKA,MANIKGANJ,HARIRAMPUR,137820,98.5,85100,33520,18.1,8.3,66.9,8.1,25.0,47.9,12.6,45.2,45.0,57.2,32.9,8.5,1.3,74.6,81.8,86.3,67.9,29.8,35.5,8.4,41.1,23.5,0.1,96.7,2.3
DHAKA,DHAKA,HAZARIBAGH,183000,0.0,125620,43740,12.2,1.5,1.5,21.0,77.5,95.3,59.9,33.7,69.5,32.5,37.3,20.4,9.7,60.1,74.0,66.9,44.2,28.5,23.3,4.4,35.9,19.4,82.9,15.4,0.2
DHAKA,KISHOREGANJ,HOSSAINPUR,182420,87.9,101680,41380,33.0,18.5,67.4,7.4,25.2,37.1,7.3,23.3,39.2,59.1,30.0,9.1,1.8,71.0,78.1,75.5,62.4,35.7,37.7,9.2,44.5,26.4,1.3,91.8,20.8
DHAKA,MYMENSINGH,ISHWARGANJ,378040,90.8,200000,81080,56.0,35.8,72.8,4.9,22.2,30.0,10.0,26.5,36.5,63.7,27.0,7.7,1.5,67.5,72.7,74.0,58.0,30.4,38.3,9.4,44.1,26.1,0.4,95.1,16.2
DHAKA,JAMALPUR,ISLAMPUR,298160,87.4,168020,74980,55.0,38.2,79.0,5.3,15.7,38.1,6.9,40.3,24.3,76.0,15.1,7.4,1.5,65.1,69.6,70.5,55.1,36.9,41.5,10.7,44.4,26.3,0.1,95.5,12.6
DHAKA,KISHOREGANJ,ITNA,163060,86.2,85760,34640,34.9,21.1,87.0,3.1,9.9,48.0,3.1,18.5,24.1,76.7,18.9,3.7,0.8,56.6,67.5,58.2,29.3,16.9,41.4,10.7,45.5,26.9,0.2,92.4,9.8
DHAKA,JAMALPUR,JAMALPUR SADAR,609560,75.9,370820,152200,49.8,32.7,54.9,7.7,37.4,49.9,21.9,32.0,41.8,59.1,26.0,11.6,3.2,76.2,80.8,82.3,70.2,48.2,35.6,8.4,42.1,24.4,0.9,96.1,7.9
DHAKA,DHAKA,JATRABARI,442220,0.0,302180,101780,11.6,1.0,1.0,15.1,84.0,99.4,60.7,36.2,74.0,28.6,36.5,24.9,10.1,64.6,80.1,70.2,50.0,31.0,20.8,3.6,31.9,16.1,75.7,23.9,0.1
DHAKA,SHERPUR,JHENAIGATI,162640,96.2,93140,41120,36.9,21.6,75.7,6.4,17.9,44.9,9.9,41.0,34.5,65.6,24.5,8.4,1.5,71.7,76.9,79.0,56.5,38.2,37.0,8.8,42.1,24.2,0.5,87.8,8.6
DHAKA,DHAKA,KADAMTALI,374080,0.0,251620,87660,15.0,1.7,0.8,35.1,64.1,99.5,46.9,47.9,73.1,28.6,39.4,23.3,8.7,65.6,81.4,70.0,50.4,29.3,20.9,3.7,31.2,15.4,78.5,20.8,0.0
DHAKA,DHAKA,KAFRUL,405540,0.0,289560,95480,7.0,0.4,0.7,36.9,62.3,99.1,43.3,49.0,77.3,24.3,31.9,27.2,16.5,59.7,74.6,65.7,46.6,33.8,21.2,3.8,31.2,15.7,81.3,18.2,0.2
DHAKA,DHAKA,KALABAGAN,118480,0.0,89560,23660,10.1,1.4,1.1,23.9,75.0,99.7,83.5,14.9,87.2,14.1,23.1,31.1,31.7,61.0,80.9,56.8,47.1,39.1,18.2,2.9,31.9,16.8,95.7,2.4,0.1
DHAKA,GAZIPUR,KALIAKAIR,487140,66.5,340400,116720,11.0,3.9,20.1,60.4,19.5,85.1,21.6,56.0,60.9,39.4,43.0,15.0,2.5,63.5,78.1,74.7,49.4,19.8,27.7,5.7,38.3,21.1,20.5,76.4,3.2
DHAKA,GAZIPUR,KALIGANJ,264860,82.9,166180,57760,15.7,7.9,45.5,19.8,34.7,77.3,20.2,48.4,59.7,38.8,43.3,14.9,2.9,76.3,85.6,84.5,66.5,38.6,29.9,6.3,39.7,22.4,3.7,92.1,3.3
DHAKA,TANGAIL,KALIHATI,413760,90.3,257280,98660,23.5,12.5,42.6,24.2,33.3,65.1,20.3,48.9,39.3,61.6,27.1,9.4,1.9,71.7,79.0,81.7,59.8,34.6,35.5,8.3,43.9,25.7,0.5,97.7,4.9
DHAKA,MADARIPUR,KALKINI,276180,84.9,152760,59340,33.2,15.8,67.7,12.4,19.9,56.0,14.9,63.4,47.8,53.1,34.6,10.2,2.0,73.7,78.9,81.8,63.8,41.0,35.1,8.2,39.3,22.3,0.8,95.5,1.4
DHAKA,NETRAKONA,KALMAKANDA,272640,94.4,145460,58100,37.6,22.6,78.9,2.7,18.4,21.2,4.6,23.5,33.3,68.4,25.9,4.7,1.0,62.1,70.6,68.4,43.5,22.8,40.6,10.3,44.5,26.3,0.2,85.0,16.7
DHAKA,RAJBARI,KALUKHALI,156420,97.0,94280,35020,39.6,24.0,72.8,3.5,23.7,41.1,40.3,39.8,43.6,61.1,29.5,7.9,1.5,76.9,80.9,88.4,71.2,42.9,34.0,7.7,38.5,21.8,0.3,97.4,2.6
DHAKA,DHAKA,KAMRANGIR CHAR,94700,0.0,60920,21640,22.0,2.6,1.3,25.1,73.6,99.2,51.8,44.3,58.5,46.6,41.7,10.1,1.6,54.3,72.1,53.8,35.4,14.4,24.7,4.7,33.8,17.2,55.5,44.3,0.3
DHAKA,GAZIPUR,KAPASIA,346480,96.1,208320,79940,27.0,17.8,63.8,8.4,27.8,49.3,20.4,36.4,55.0,43.9,37.3,15.8,3.0,79.2,85.5,87.0,70.1,46.7,32.0,7.1,38.6,21.7,2.6,93.4,7.1
DHAKA,KISHOREGANJ,KARIMGANJ,290200,91.0,156240,62760,27.1,14.0,67.1,8.9,24.0,48.9,18.3,44.9,35.1,63.4,29.0,6.6,1.0,70.5,78.5,75.7,55.4,30.8,37.8,9.2,42.7,24.7,0.1,96.7,6.8
DHAKA,GOPALGANJ,KASHIANI,209360,97.3,121040,46340,39.1,24.6,64.3,3.4,32.3,45.6,32.4,46.7,57.0,44.8,41.6,11.2,2.3,76.6,82.7,82.8,68.1,44.5,32.0,7.1,37.0,20.6,0.6,94.9,2.6
DHAKA,KISHOREGANJ,KATIADI,313560,86.7,170740,69800,31.6,17.1,66.6,9.5,23.9,38.3,7.4,27.4,37.3,63.2,28.3,7.3,1.2,68.1,75.4,76.2,54.0,29.2,38.5,9.5,44.6,26.5,0.6,94.7,14.2
DHAKA,NETRAKONA,KENDUA,305060,92.8,161760,66120,40.9,24.1,79.1,4.5,16.4,28.2,10.6,26.0,33.0,65.2,24.7,8.2,1.9,69.0,75.2,72.5,55.6,35.1,39.5,9.9,43.3,25.5,0.4,93.0,22.1
DHAKA,DHAKA,KERANIGANJ,796820,100.0,515580,178000,25.9,10.2,9.3,35.3,55.4,96.9,29.4,62.9,60.3,42.4,43.3,12.1,2.3,60.9,77.5,68.4,42.0,19.7,26.6,5.3,40.9,22.8,32.1,65.1,0.7
DHAKA,NETRAKONA,KHALIAJURI,96420,93.5,53520,18940,37.2,22.3,86.0,2.1,11.9,34.1,3.5,19.9,28.2,75.6,18.9,4.7,0.8,44.5,53.7,42.9,28.3,12.3,40.7,10.3,46.1,27.5,0.1,80.4,17.3
DHAKA,DHAKA,KHILGAON,327660,0.0,222820,77900,13.7,1.5,2.0,15.3,82.6,98.9,51.1,39.5,72.3,31.0,28.7,24.1,16.3,63.8,75.5,68.6,52.5,32.8,22.4,4.1,33.2,16.9,69.6,29.4,0.1
DHAKA,DHAKA,KHILKHET,130740,0.0,93680,31160,14.7,1.8,7.3,32.3,60.4,95.7,36.5,55.5,76.7,23.9,29.0,30.5,16.6,65.3,77.0,70.6,48.2,43.0,21.9,4.0,29.5,14.9,75.7,22.2,0.7
DHAKA,KISHOREGANJ,KISHOREGANJ SADAR,414220,75.8,235900,89860,27.6,14.5,36.2,12.5,51.3,53.3,26.2,30.9,47.7,52.6,30.1,13.0,4.3,72.3,80.1,76.2,59.6,41.1,35.1,8.3,44.6,26.3,3.7,92.9,9.3
DHAKA,GOPALGANJ,KOTALIPARA,232840,94.9,130220,48040,43.6,27.7,71.3,3.0,25.7,37.8,54.0,35.1,57.6,49.1,39.7,9.3,1.9,73.7,81.0,79.9,57.5,37.5,32.3,7.2,36.9,20.6,0.4,97.0,3.1
DHAKA,DHAKA,KOTWALI,69160,0.0,54480,11580,5.9,1.1,1.7,31.3,66.9,99.1,42.5,55.6,78.4,21.4,41.8,27.7,9.1,65.3,89.5,65.2,44.2,36.1,18.7,3.1,34.9,18.7,91.5,3.6,0.0
DHAKA,KISHOREGANJ,KULIAR CHAR,184020,82.7,97020,39140,32.7,17.2,54.0,13.6,32.4,41.3,5.7,40.6,42.5,58.7,33.4,6.5,1.4,69.5,76.9,72.4,58.5,28.9,37.0,8.9,44.2,26.3,0.3,94.4,14.9
DHAKA,DHAKA,LALBAGH,366860,0.0,250660,83780,16.0,1.8,0.6,28.1,71.3,99.5,54.4,41.3,67.3,36.3,37.0,18.1,8.5,58.7,75.6,61.3,40.8,25.1,24.0,4.6,34.8,18.5,81.0,18.1,0.1
DHAKA,MUNSHIGANJ,LOHAJANG,159460,96.7,98880,36580,33.6,20.1,37.1,13.8,49.1,83.1,18.0,62.3,54.3,51.1,36.8,10.8,1.3,69.8,83.0,77.5,52.5,29.6,31.1,6.8,41.3,23.6,0.6,96.7,2.6
DHAKA,NETRAKONA,MADAN,153860,87.8,80540,31760,41.6,23.5,84.4,3.2,12.4,38.2,4.6,24.2,25.2,74.0,18.2,6.5,1.3,55.9,61.1,62.0,39.6,21.2,41.1,10.5,45.2,26.8,0.2,95.5,9.8
DHAKA,JAMALPUR,MADARGANJ,261620,87.6,149260,63700,55.5,38.2,79.0,4.0,17.0,23.7,6.3,41.8,26.8,74.2,15.8,8.5,1.5,71.6,76.0,81.0,59.6,38.3,41.0,10.5,44.0,25.7,0.1,98.4,5.3
DHAKA,MADARIPUR,MADARIPUR SADAR,345820,81.9,203360,74440,35.0,17.5,49.3,12.3,38.4,67.9,8.5,52.8,48.0,52.5,33.2,11.1,3.2,71.1,79.9,76.3,60.0,33.8,32.9,7.4,41.6,23.8,1.9,95.4,1.0
DHAKA,FARIDPUR,MADHUKHALI,203820,93.4,122200,45960,30.5,16.1,62.8,9.8,27.5,41.6,36.9,43.3,50.3,49.3,37.1,11.5,2.2,77.0,84.0,85.3,69.6,40.9,32.9,7.4,39.2,22.0,0.6,95.5,2.6
DHAKA,TANGAIL,MADHUPUR,299300,77.9,179280,75840,36.4,21.5,65.5,4.7,29.8,38.6,18.2,48.7,37.6,63.1,27.2,7.5,2.2,70.3,77.3,78.8,58.7,31.6,37.1,8.9,42.1,24.5,0.5,94.9,7.0
DHAKA,MANIKGANJ,MANIKGANJ SADAR,317080,76.2,206560,71180,18.7,7.3,41.8,12.2,46.0,61.6,21.7,60.9,54.9,46.3,36.5,13.3,3.9,76.0,84.6,83.9,63.6,42.5,32.0,7.1,40.1,22.6,12.6,86.3,1.1
DHAKA,NARSINGDI,MANOHARDI,271940,92.5,159560,63380,22.7,11.8,59.8,7.0,33.2,57.1,17.9,37.4,47.0,52.2,33.7,11.8,2.3,75.7,82.9,82.9,62.2,42.9,34.0,7.8,40.9,23.1,0.3,97.1,14.1
DHAKA,JAMALPUR,MELANDAHA,317100,88.7,184560,79360,47.2,30.6,76.4,4.8,18.8,40.2,28.6,35.6,29.6,71.5,18.0,8.3,2.1,70.5,73.6,79.4,63.4,38.7,39.3,9.8,42.1,24.5,0.1,97.7,7.5
DHAKA,DHAKA,MIRPUR,504640,0.0,365200,117440,6.7,0.5,0.7,28.1,71.2,99.0,66.3,31.8,83.3,17.7,28.4,30.7,23.3,65.7,80.2,69.0,54.1,41.5,18.5,3.0,30.0,15.0,89.0,10.2,0.1
DHAKA,TANGAIL,MIRZAPUR,402580,91.6,253060,93860,26.7,16.0,52.1,19.4,28.5,63.2,22.2,43.4,52.7,49.0,36.4,12.0,2.5,76.1,81.9,86.2,70.0,37.0,31.9,7.1,39.9,22.7,3.9,91.3,6.0
DHAKA,KISHOREGANJ,MITHAMAIN,121720,90.2,62900,23860,35.2,23.0,81.3,1.9,16.8,34.4,1.4,16.7,29.0,74.1,21.1,3.7,1.2,60.1,70.3,63.0,35.0,15.9,40.5,10.3,46.5,28.0,0.0,80.7,14.2
DHAKA,DHAKA,MOHAMMADPUR,351640,0.0,253900,81740,4.0,0.3,0.5,11.1,88.4,97.2,66.1,27.9,76.5,24.8,23.1,26.9,25.2,62.2,74.7,60.0,48.5,47.6,21.8,4.0,34.6,18.3,85.2,13.7,0.4
DHAKA,NETRAKONA,MOHANGANJ,167720,83.1,94060,34920,34.3,18.2,72.9,4.0,23.1,37.5,5.4,31.0,37.3,63.1,27.2,7.8,1.8,63.6,74.7,63.1,46.1,25.1,38.4,9.5,42.8,24.9,0.9,92.1,7.8
DHAKA,DHAKA,MOTIJHEEL,207600,0.0,155320,47160,1.3,0.1,0.3,12.9,86.8,98.6,61.0,34.2,84.1,16.7,24.4,34.5,24.4,68.2,82.1,68.2,60.7,50.6,19.1,3.2,32.5,16.9,89.1,9.5,0.9
DHAKA,GOPALGANJ,MUKSUDPUR,287620,93.0,165300,61820,46.5,29.9,67.5,8.6,24.0,42.6,39.7,44.9,51.5,52.5,36.9,8.6,2.0,70.9,78.3,78.9,59.9,33.5,34.0,7.8,38.2,21.3,0.4,96.1,1.9
DHAKA,MYMENSINGH,MUKTAGACHHA,414820,87.8,237020,96640,43.3,23.9,52.8,7.2,40.0,45.6,10.2,36.2,40.3,59.2,30.0,9.0,1.7,69.3,75.6,76.3,59.0,34.4,36.5,8.7,45.2,26.8,1.8,92.5,8.4
DHAKA,MUNSHIGANJ,MUNSHIGANJ SADAR,383560,64.2,236700,82080,30.8,15.1,31.9,22.0,46.2,95.6,23.5,58.1,53.1,48.5,37.7,11.3,2.5,68.0,80.9,76.8,52.3,27.9,30.2,6.5,40.1,22.6,7.6,90.2,1.2
DHAKA,MYMENSINGH,MYMENSINGH SADAR,771120,50.3,461340,167420,52.3,39.3,30.8,14.6,54.6,67.1,24.4,30.7,51.6,46.0,29.6,17.4,7.0,68.9,76.7,70.7,55.8,46.6,34.4,8.1,43.9,25.6,13.4,81.7,11.1
DHAKA,FARIDPUR,NAGARKANDA,194320,92.5,112260,42900,35.9,19.2,68.8,5.0,26.2,45.2,25.1,57.4,43.7,57.7,33.4,7.6,1.3,70.1,77.8,79.0,56.1,30.7,34.7,8.0,39.2,22.1,0.0,98.7,2.2
DHAKA,TANGAIL,NAGARPUR,285740,95.5,168260,66520,39.9,26.4,66.2,9.6,24.2,28.5,10.7,36.3,38.4,62.7,26.6,9.1,1.6,72.3,75.4,81.9,68.2,38.9,38.1,9.3,44.1,26.0,0.2,96.8,3.0
DHAKA,SHERPUR,NAKLA,188440,82.4,107400,47360,46.8,28.5,72.9,6.9,20.3,39.0,24.6,40.2,36.8,61.9,28.1,8.4,1.7,75.0,80.4,83.0,66.0,38.1,37.3,9.0,41.4,23.9,0.4,95.7,10.9
DHAKA,SHERPUR,NALITABARI,251800,89.4,144780,64800,41.8,24.1,75.7,6.3,18.0,34.7,12.6,49.2,35.2,65.6,25.9,7.0,1.5,68.3,76.2,74.7,53.1,27.2,37.7,9.1,41.3,23.8,0.8,91.3,7.0
DHAKA,MYMENSINGH,NANDAIL,405400,88.5,215860,87500,60.7,41.8,70.1,9.1,20.8,29.7,4.1,20.5,37.0,61.4,28.5,8.7,1.5,70.3,75.7,77.7,59.6,34.0,38.8,9.6,45.5,27.2,0.5,90.5,29.6
DHAKA,NARAYANGANJ,NARAYANGANJ SADAR,1331580,58.9,900100,313340,27.9,10.1,2.4,50.6,47.0,97.0,36.6,53.8,65.7,35.8,40.1,18.7,5.4,58.5,75.2,63.3,41.8,23.3,24.4,4.7,38.2,20.8,31.4,65.6,0.4
DHAKA,SHARIATPUR,NARIA,231820,89.7,133040,49620,48.1,30.5,51.5,10.5,38.0,52.1,20.9,55.6,50.9,51.9,38.3,8.4,1.4,68.5,79.7,78.0,50.4,26.1,34.7,8.1,42.1,24.2,0.6,94.2,2.3
DHAKA,NARSINGDI,NARSINGDI SADAR,717260,66.9,431320,149720,22.8,10.8,15.5,35.0,49.6,88.1,21.1,43.7,51.7,50.1,34.3,12.4,3.2,62.7,73.3,68.3,47.8,26.4,31.5,7.0,43.9,25.6,6.5,91.2,5.7
DHAKA,DHAKA,NAWABGANJ,315320,95.0,195340,70800,21.1,8.8,40.1,12.7,47.3,87.0,36.6,50.9,57.2,47.1,40.3,10.8,1.8,73.4,83.2,84.4,62.9,32.7,30.9,6.7,39.0,21.7,1.4,95.9,1.4
DHAKA,NETRAKONA,NETROKONA SADAR,373040,75.4,211140,81420,30.8,16.2,62.2,7.7,30.0,44.4,20.3,29.7,41.9,57.3,27.7,11.2,3.8,68.0,74.7,73.0,57.2,38.7,36.9,9.0,42.1,24.4,2.5,90.5,11.8
DHAKA,DHAKA,NEW MARKET,44760,0.0,35640,7780,3.7,0.7,0.9,17.0,82.1,99.7,90.2,9.8,88.3,12.3,29.3,31.8,26.5,59.8,85.5,52.9,47.0,41.0,16.8,2.6,31.5,16.4,97.4,0.8,0.0
DHAKA,KISHOREGANJ,NIKLI,136160,86.2,72160,30420,30.0,17.0,81.3,3.8,14.9,51.7,3.8,27.5,25.6,76.8,17.2,4.8,1.1,63.6,71.5,67.0,49.2,22.5,40.3,10.2,44.8,26.3,0.1,97.9,6.6
DHAKA,KISHOREGANJ,PAKUNDIA,251040,88.7,142540,57380,26.1,13.5,69.4,5.4,25.2,35.4,17.8,29.0,49.3,50.8,36.2,11.3,1.6,74.6,81.4,81.8,65.1,39.7,34.7,8.0,41.0,23.5,0.6,95.7,10.9
DHAKA,NARSINGDI,PALASH,211780,52.7,134880,46780,22.2,9.9,23.2,40.6,36.2,92.3,18.4,46.6,58.7,39.7,40.3,16.3,3.7,73.5,80.4,80.7,68.1,42.7,29.3,6.2,41.9,24.0,8.6,89.0,4.1
DHAKA,DHAKA,PALLABI,600420,0.0,428040,143300,12.0,1.8,0.7,41.6,57.7,99.6,58.5,32.6,73.2,29.2,33.0,23.7,14.1,60.1,78.9,63.8,45.3,28.4,22.3,4.1,32.1,16.5,92.3,3.9,0.9
DHAKA,DHAKA,PALTAN,61480,0.0,45700,10480,2.7,0.3,0.6,17.2,82.2,99.8,97.5,2.1,89.5,10.7,17.5,37.6,34.1,61.0,72.5,54.0,56.9,53.8,17.0,2.7,32.8,17.6,96.9,0.8,0.2
DHAKA,RAJBARI,PANGSHA,244440,86.1,146980,56340,45.7,28.8,65.8,6.4,27.8,42.1,34.9,42.7,40.7,62.7,25.8,9.3,2.2,74.0,76.8,84.6,70.2,44.0,35.4,8.3,40.3,23.0,0.6,96.8,3.7
DHAKA,MYMENSINGH,PHULPUR,602480,95.6,321140,135860,58.8,39.2,72.2,6.0,21.8,28.7,7.4,27.5,33.8,64.0,27.3,7.2,1.4,65.4,72.3,69.4,53.2,27.3,38.8,9.6,44.9,26.5,0.3,95.0,14.0
DHAKA,NETRAKONA,PURBADHALA,311580,92.6,168520,68100,35.4,20.3,74.7,6.7,18.6,24.3,6.1,32.9,38.3,59.9,30.3,8.0,1.8,69.0,74.9,75.8,58.0,32.4,38.3,9.4,43.1,25.3,0.3,92.3,17.1
DHAKA,RAJBARI,RAJBARI SADAR,329460,82.2,199680,75940,38.7,23.0,45.6,9.7,44.7,56.5,43.2,39.2,53.8,49.4,34.6,12.4,3.6,77.9,84.2,85.9,70.4,45.1,31.9,7.0,39.9,22.7,1.9,96.1,2.7
DHAKA,MADARIPUR,RAJOIR,227200,90.9,133000,48780,31.4,15.4,59.5,8.0,32.5,68.5,11.5,58.0,44.7,56.7,33.6,8.1,1.6,69.0,76.3,76.8,57.4,34.8,34.3,7.9,41.1,23.5,0.3,96.1,1.6
DHAKA,DHAKA,RAMNA,195760,0.0,141980,41980,3.8,0.2,0.5,24.9,74.6,98.6,58.8,36.9,84.0,17.0,24.9,29.8,28.3,64.5,79.0,65.5,50.1,45.0,19.3,3.3,33.1,17.2,83.0,15.7,0.0
DHAKA,DHAKA,RAMPURA,222300,0.0,158380,50160,10.2,1.0,0.4,20.5,79.1,99.2,58.8,36.0,81.7,19.7,25.5,29.2,25.7,63.7,78.0,66.6,48.3,40.9,19.4,3.2,31.8,16.1,81.4,18.4,0.1
DHAKA,NARSINGDI,ROYPURA,535280,91.8,279260,110520,29.4,16.2,51.3,10.4,38.3,56.6,19.8,39.2,38.1,63.0,29.5,6.5,1.0,67.3,73.6,76.2,52.7,26.3,38.1,9.4,45.4,26.8,0.2,97.0,11.2
DHAKA,NARAYANGANJ,RUPGANJ,540840,56.7,352460,122180,22.5,8.7,13.6,41.9,44.6,93.9,6.6,59.9,56.1,43.5,41.6,12.8,2.1,62.6,77.3,69.8,46.0,23.6,29.1,6.1,42.2,24.2,2.0,94.6,2.0
DHAKA,DHAKA,SABUJBAGH,410360,0.0,291560,88780,11.6,1.1,1.4,17.6,81.0,98.6,54.6,41.1,74.3,27.1,30.2,26.9,15.9,67.7,79.4,71.8,55.9,38.1,21.4,3.8,33.1,16.9,78.5,21.0,0.2
DHAKA,FARIDPUR,SADARPUR,191740,96.9,109700,40220,36.9,20.5,66.7,12.8,20.4,45.5,36.5,48.7,40.2,62.4,28.8,6.9,2.0,69.5,77.5,79.0,53.6,27.4,36.8,8.8,40.2,23.0,0.6,97.9,2.1
DHAKA,TANGAIL,SAKHIPUR,276880,83.4,169460,71040,26.0,15.5,68.7,4.6,26.7,71.5,25.5,41.2,36.8,64.8,25.0,8.4,1.8,71.5,79.8,79.7,59.6,30.0,36.2,8.6,40.2,22.7,2.4,88.6,14.1
DHAKA,FARIDPUR,SALTHA,168800,94.5,92940,35600,42.1,24.4,84.8,2.8,12.4,33.4,20.5,54.8,36.3,65.7,28.6,4.9,0.7,67.4,74.9,73.9,53.7,23.5,37.7,9.1,40.2,22.9,0.1,96.6,3.8
DHAKA,JAMALPUR,SARISHABARI UPAZILA,325080,83.3,195000,80200,44.7,27.6,66.8,10.4,22.8,55.6,9.1,43.5,39.5,59.4,27.0,10.5,3.1,77.0,80.9,84.3,70.4,46.9,36.1,8.6,41.7,24.0,3.1,94.1,8.5
DHAKA,MANIKGANJ,SATURIA,171480,95.3,105700,40660,15.0,6.2,58.3,13.6,28.1,57.0,10.6,67.2,42.0,58.9,29.9,9.8,1.5,75.4,81.5,83.3,67.6,39.5,34.7,8.0,41.0,23.3,2.2,96.9,1.4
DHAKA,DHAKA,SAVAR,1390540,78.7,1004400,358940,34.0,18.0,5.7,55.5,38.8,96.6,54.2,40.4,70.4,30.6,45.6,19.5,4.3,58.5,76.2,69.7,45.2,18.3,23.6,4.4,37.0,20.2,32.3,66.8,0.4
DHAKA,MUNSHIGANJ,SERAJDIKHAN,287720,98.7,178760,60000,28.8,16.5,50.7,19.7,29.5,89.6,20.9,59.3,53.0,50.1,38.3,10.1,1.5,70.6,80.6,79.7,59.4,32.5,31.0,6.7,39.5,22.0,1.1,95.9,2.2
DHAKA,DHAKA,SHAH ALI,115720,0.0,83480,28140,15.7,3.0,2.1,38.7,59.2,98.5,42.4,48.6,72.7,31.1,35.8,23.4,9.6,59.1,73.8,67.5,44.1,33.8,22.3,4.2,32.2,16.6,86.2,9.3,0.4
DHAKA,DHAKA,SHAHBAGH,56240,0.0,44940,8660,1.5,0.3,0.3,12.9,86.8,99.1,75.3,21.2,87.7,12.6,24.9,30.3,32.2,62.9,80.6,54.4,53.8,49.5,18.0,2.9,32.2,16.4,89.4,6.2,1.4
DHAKA,SHARIATPUR,SHARIATPUR SADAR,208500,76.7,119360,45880,49.8,31.6,50.9,12.7,36.5,49.8,31.5,51.0,49.1,53.3,33.8,10.4,2.5,72.0,83.8,78.4,53.0,31.7,34.2,7.9,40.3,22.9,1.9,94.2,1.9
DHAKA,DHAKA,SHER-E-BANGLA NAGAR,141300,0.0,107720,29620,7.7,1.0,0.7,22.0,77.3,97.9,57.5,30.0,80.6,20.3,22.3,31.1,26.3,68.8,82.3,67.3,54.4,56.3,21.4,3.9,33.9,17.6,87.8,9.0,0.3
DHAKA,SHERPUR,SHERPUR SADAR,498500,80.5,286360,122240,55.8,35.6,57.8,9.1,33.1,47.1,8.5,32.8,31.1,68.3,20.1,9.2,2.4,68.4,73.6,77.3,58.8,33.8,38.5,9.4,45.2,26.9,0.9,95.8,12.4
DHAKA,MADARIPUR,SHIB CHAR,316360,90.0,181780,69620,38.8,20.2,63.1,9.4,27.5,45.3,16.0,57.1,39.7,61.8,29.6,7.2,1.4,69.7,77.9,78.7,54.3,31.5,36.6,8.8,41.9,24.0,0.7,96.8,1.7
DHAKA,MANIKGANJ,SHIBALAYA,170260,97.1,106460,40800,15.8,7.0,59.1,5.8,35.1,48.0,26.0,49.8,47.7,56.4,31.7,10.1,1.8,76.3,80.5,85.7,72.0,44.5,33.9,7.8,40.2,23.0,0.6,96.9,2.7
DHAKA,NARSINGDI,SHIBPUR,302080,91.4,180280,65080,18.9,9.8,44.3,16.7,39.0,78.1,19.5,42.5,54.2,43.7,41.0,13.4,1.9,73.2,83.6,80.9,59.8,36.8,31.4,6.8,41.7,23.9,1.8,96.6,4.9
DHAKA,DHAKA,SHYAMPUR,186640,0.0,127980,43220,12.9,1.2,0.4,28.4,71.2,99.0,57.2,39.9,67.1,35.0,38.0,19.9,7.0,59.9,77.0,62.5,42.9,29.4,21.8,3.9,33.1,16.8,74.2,25.0,0.1
DHAKA,MANIKGANJ,SINGAIR,284080,90.9,173740,65100,18.1,7.1,68.1,9.2,22.8,56.7,24.5,56.7,43.6,60.7,31.1,6.9,1.3,73.5,82.5,84.8,59.8,27.1,35.3,8.3,40.0,22.6,1.1,96.0,2.5
DHAKA,NARAYANGANJ,SONARGAON,399340,91.7,252880,89560,21.3,9.9,18.6,21.5,59.8,97.1,16.9,59.6,54.0,47.1,38.6,12.4,1.9,67.8,81.4,74.2,52.6,27.0,29.4,6.2,43.1,24.8,4.8,93.0,1.8
DHAKA,SHERPUR,SREEBARDI,259420,90.5,147460,65900,49.1,30.4,80.1,4.7,15.2,38.8,7.9,33.0,29.5,69.9,20.8,8.0,1.3,67.0,71.5,75.5,55.0,30.1,38.6,9.5,43.0,25.1,0.0,97.0,8.4
DHAKA,MUNSHIGANJ,SREENAGAR,255560,94.4,158600,57400,26.3,14.4,37.4,15.0,47.6,91.6,32.9,49.8,56.9,48.9,40.1,9.4,1.6,72.1,83.5,81.3,62.5,27.8,30.4,6.5,40.3,22.7,1.1,96.1,1.5
DHAKA,GAZIPUR,SREEPUR,487180,74.4,316000,122880,14.4,5.9,29.8,35.3,34.9,70.1,20.5,55.9,54.7,42.9,40.4,14.1,2.6,69.9,81.1,80.1,55.9,26.5,30.5,6.6,41.1,23.7,9.0,88.2,2.6
DHAKA,DHAKA,SUTRAPUR,215220,0.0,157940,43460,4.6,0.3,0.2,10.1,89.8,98.9,81.8,16.8,83.8,19.2,32.4,31.8,16.6,63.8,83.4,63.0,50.4,36.9,18.2,3.0,33.1,17.2,92.0,6.5,0.6
DHAKA,TANGAIL,TANGAIL SADAR,523100,68.5,333180,116880,31.7,20.9,31.9,11.8,56.3,65.2,24.6,40.7,50.8,49.6,28.8,16.1,5.5,72.3,79.7,79.6,63.1,42.2,33.4,7.7,44.3,26.2,9.6,88.9,3.6
DHAKA,KISHOREGANJ,TARAIL,158840,94.6,84040,34580,26.1,14.7,70.4,3.4,26.2,60.0,7.1,46.0,32.5,69.3,23.4,6.1,1.2,69.9,78.1,75.6,46.6,28.6,38.5,9.5,42.3,24.5,0.1,95.4,5.7
DHAKA,DHAKA,TEJGAON,142480,0.0,105000,29580,5.3,0.3,0.3,19.1,80.6,98.4,54.6,41.4,82.6,17.2,29.2,32.6,21.0,66.7,80.6,66.0,57.4,48.4,19.6,3.3,31.4,16.3,89.3,9.5,1.1
DHAKA,DHAKA,TEJGAON IND. AREA,145420,0.0,114400,34900,6.7,0.8,0.2,48.2,51.6,98.6,31.6,48.5,75.5,24.5,39.0,26.9,9.6,55.0,74.0,62.7,40.6,31.1,22.6,4.2,34.5,18.2,77.2,18.9,1.1
DHAKA,MUNSHIGANJ,TONGIBARI,197760,91.5,120640,42520,25.1,14.0,50.4,10.4,39.2,91.3,21.1,63.6,53.1,49.7,38.8,10.3,1.2,72.3,80.2,82.0,63.7,35.1,30.0,6.4,38.5,21.7,1.3,91.7,1.3
DHAKA,MYMENSINGH,TRISHAL,421700,86.4,233440,93880,47.8,28.8,61.3,8.3,30.4,51.5,6.2,30.7,37.3,59.5,28.1,10.7,1.7,69.9,76.7,76.2,57.5,33.7,37.6,9.1,44.4,26.2,0.8,93.2,11.3
DHAKA,GOPALGANJ,TUNGIPARA,97960,63.4,55200,20560,42.6,26.1,74.8,3.0,22.2,61.0,61.7,29.8,55.9,46.9,41.8,8.8,2.4,68.7,76.0,78.0,53.6,30.6,31.8,7.0,36.5,20.6,15.3,78.5,2.1
DHAKA,DHAKA,TURAG,157280,0.0,107900,38640,25.1,12.5,3.3,25.0,71.7,95.5,24.1,63.3,65.3,37.3,38.5,18.5,5.7,58.9,74.2,68.4,43.5,22.2,24.7,4.8,31.8,15.9,55.6,42.0,0.5
DHAKA,DHAKA,UTTAR KHAN,78540,0.0,52680,18280,24.9,4.3,6.8,29.1,64.1,96.9,52.8,39.7,72.0,28.2,39.9,24.6,7.3,69.9,80.9,78.6,58.5,41.5,23.3,4.4,30.1,15.5,71.7,25.8,0.5
DHAKA,DHAKA,UTTARA,181887,0.0,132848,39273,3.7,0.8,0.7,21.7,77.6,92.7,77.4,15.8,83.1,17.7,19.3,27.7,35.2,62.5,77.3,62.9,44.2,47.2,20.1,3.5,35.5,19.1,92.6,3.1,1.0
DHAKA,SHARIATPUR,ZANJIRA,196140,88.8,109040,41740,54.0,34.9,68.5,10.9,20.6,43.9,16.8,64.8,38.8,66.1,27.3,5.4,1.1,69.2,77.0,79.5,55.6,28.3,36.7,8.8,40.7,23.1,0.1,97.1,2.6
KHULNA,JESSORE,ABHAYNAGAR,264140,67.5,168580,62220,36.0,15.9,42.9,24.3,32.8,76.2,23.7,42.8,59.7,43.3,39.3,13.8,3.6,78.7,85.3,86.2,71.9,45.4,28.9,6.0,38.3,21.4,1.1,98.4,3.4
KHULNA,CHUADANGA,ALAMDANGA,346180,77.0,225280,86300,26.0,9.9,73.2,5.3,21.5,60.3,16.7,24.2,43.2,57.6,31.8,8.9,1.6,72.1,77.1,82.5,68.2,39.7,34.4,7.9,40.8,23.4,0.8,96.6,7.3
KHULNA,SATKHIRA,ASSASUNI,271320,96.7,168040,62040,48.4,32.0,76.8,5.2,18.0,32.7,27.2,36.8,47.0,53.5,33.9,10.3,2.2,76.9,82.6,83.4,73.4,43.3,34.0,7.7,39.4,22.4,1.4,71.7,4.0
KHULNA,BAGERHAT,BAGERHAT SADAR,263940,81.9,170760,64040,35.9,18.6,45.5,6.7,47.9,59.6,28.5,50.3,63.7,36.5,42.0,16.4,5.1,76.7,83.7,83.1,70.9,45.7,28.4,5.8,37.9,21.2,19.7,74.8,1.5
KHULNA,JESSORE,BAGHER PARA,219700,96.0,137060,50000,42.5,20.9,65.7,7.8,26.5,50.6,29.6,28.7,51.2,49.5,37.4,11.1,2.0,75.9,81.4,84.3,71.9,42.7,32.1,7.1,39.9,22.7,0.2,97.4,5.8
KHULNA,KHULNA,BATIAGHATA,169920,95.4,109620,40780,40.5,22.7,61.1,8.4,30.5,40.9,55.9,32.0,54.4,46.7,38.3,12.5,2.5,70.6,76.8,79.5,62.2,41.3,31.7,6.9,39.4,22.5,0.0,96.3,3.0
KHULNA,KUSHTIA,BHERAMARA,200740,84.1,126440,47600,3.4,0.8,57.6,8.0,34.4,66.5,31.4,35.8,46.3,53.1,31.7,12.3,2.9,72.2,77.7,79.9,68.7,36.0,32.8,7.4,39.9,22.7,1.6,94.9,2.3
KHULNA,JESSORE,CHAUGACHHA,230960,91.0,145640,56440,42.8,20.7,72.0,4.4,23.5,51.9,20.6,29.1,50.4,51.7,36.9,9.5,1.9,77.4,83.9,87.9,71.6,38.6,31.7,6.9,38.9,22.2,1.8,97.2,4.3
KHULNA,BAGERHAT,CHITALMARI,139840,99.0,78960,30260,50.0,30.0,78.9,3.3,17.8,36.2,32.8,32.7,54.6,47.8,40.0,9.6,2.5,73.7,80.1,80.6,65.5,35.9,33.2,7.4,37.4,21.0,0.5,91.0,1.2
KHULNA,CHUADANGA,CHUADANGA SADAR,315720,59.5,205260,77140,29.2,11.7,55.6,6.3,38.1,64.9,27.1,19.4,45.8,52.8,34.3,10.3,2.7,68.5,77.3,77.2,59.1,30.9,33.6,7.7,41.4,23.9,8.9,89.3,6.0
KHULNA,KHULNA,DACOPE,152860,91.0,99960,36580,44.5,24.9,65.8,5.3,28.9,27.4,45.4,21.6,53.6,49.2,37.3,11.0,2.5,77.7,83.8,84.2,71.7,48.2,31.7,6.9,39.4,22.5,0.5,30.8,14.2
KHULNA,CHUADANGA,DAMURHUDA,289000,79.0,183160,69840,27.1,10.5,68.2,7.8,24.0,59.8,13.6,36.3,42.2,55.8,35.3,7.5,1.4,70.8,79.1,80.5,60.7,29.4,34.4,7.9,41.1,23.7,1.3,95.5,6.7
KHULNA,KHULNA,DAULATPUR,455020,10.9,286440,27000,34.5,17.4,9.9,24.9,65.2,94.5,43.8,43.2,71.1,30.0,37.5,24.7,7.7,78.2,84.3,84.7,68.0,60.1,24.6,4.8,35.0,19.1,1.8,97.6,1.0
KHULNA,KUSHTIA,DAULATPUR,110340,95.7,74300,115720,4.0,1.0,74.3,5.3,20.4,56.3,9.2,26.7,37.0,62.2,27.0,9.2,1.6,71.7,75.9,83.4,66.3,37.4,35.4,8.2,42.4,24.4,0.3,96.5,6.0
KHULNA,SATKHIRA,DEBHATA,125200,98.0,82000,29820,43.1,27.5,61.1,4.8,34.1,45.7,50.8,30.4,52.3,49.7,38.3,9.9,2.1,75.3,85.3,79.6,66.1,43.4,31.0,6.7,38.8,21.6,2.1,94.4,2.1
KHULNA,KHULNA,DIGHALIA,117220,100.0,73420,26780,39.3,21.9,30.3,40.3,29.4,63.1,59.1,32.9,53.0,45.2,39.4,13.1,2.4,76.7,84.8,84.9,70.5,41.3,30.3,6.5,41.8,23.8,1.4,97.4,1.1
KHULNA,KHULNA,DUMURIA,303340,93.6,194140,71920,37.2,19.6,66.6,9.0,24.4,58.3,50.6,31.1,51.0,48.7,35.1,12.8,3.4,78.1,83.9,86.0,72.6,45.3,31.2,6.8,38.2,21.4,0.1,99.1,5.1
KHULNA,BAGERHAT,FAKIRHAT,139700,80.0,88720,33140,36.4,19.2,57.4,7.5,35.1,53.8,39.3,44.6,60.8,40.8,41.4,14.2,3.7,76.2,83.7,84.1,69.8,43.6,29.4,6.2,37.0,20.9,0.2,98.9,1.1
KHULNA,MEHERPUR,GANGNI,297260,89.7,195160,77580,15.8,5.2,75.4,2.3,22.3,58.2,15.2,24.0,37.7,62.9,27.5,7.7,1.9,70.3,77.3,80.5,65.6,33.5,35.0,8.1,41.2,23.8,0.5,95.9,8.5
KHULNA,JHENAIDAH,HARINAKUNDA,196340,86.0,123640,48220,26.0,10.6,82.6,5.7,11.7,51.2,28.7,27.8,37.9,60.7,29.0,8.2,2.0,73.9,79.6,83.8,67.3,35.4,35.4,8.2,39.1,22.1,0.1,97.8,6.6
KHULNA,JESSORE,JESSORE SADAR,734660,67.0,481640,169100,35.3,16.4,29.4,11.2,59.4,75.3,32.8,31.5,62.9,37.8,36.5,19.6,6.1,77.3,84.7,84.2,70.3,50.2,27.6,5.7,39.9,22.7,2.5,95.7,2.5
KHULNA,JHENAIDAH,JHENAIDAH SADAR,454060,76.0,292340,108940,23.9,9.7,55.6,8.5,35.9,62.0,26.8,30.1,50.4,49.7,33.2,13.4,3.7,77.6,83.3,85.5,71.4,49.1,32.1,7.1,39.9,22.7,6.4,91.3,6.4
KHULNA,JESSORE,JHIKARGACHHA,309700,85.8,195620,72220,38.9,17.9,62.9,10.5,26.6,62.0,27.4,30.5,50.9,50.6,37.0,10.0,2.4,75.7,83.8,84.6,68.0,41.1,31.6,6.9,38.9,22.0,0.7,97.3,4.8
KHULNA,CHUADANGA,JIBAN NAGAR,179740,79.4,114760,44160,29.1,11.5,67.4,4.9,27.7,55.3,20.8,27.4,45.0,52.0,37.8,8.7,1.6,72.0,80.4,81.8,61.9,36.2,34.2,7.9,41.4,23.9,0.1,97.7,6.4
KHULNA,BAGERHAT,KACHUA,96720,90.5,59760,23180,42.5,23.6,54.9,4.0,41.1,33.0,42.5,46.4,55.7,44.0,41.7,11.8,2.5,76.6,84.1,81.7,68.9,41.1,32.1,7.1,39.6,22.6,2.6,57.8,1.8
KHULNA,SATKHIRA,KALAROA,239140,87.8,154780,59280,46.0,28.7,73.8,7.1,19.1,44.6,17.1,37.3,47.4,53.3,34.4,9.8,2.6,77.9,84.4,87.0,74.2,45.2,32.8,7.3,38.8,22.0,0.6,97.1,5.1
KHULNA,NARAIL,KALIA,222800,84.0,126740,48580,23.3,9.7,69.8,5.4,24.7,44.8,26.8,42.0,52.1,53.2,35.5,9.8,1.6,73.7,82.1,78.9,60.9,33.1,33.5,7.6,37.7,21.3,0.7,95.9,1.9
KHULNA,JHENAIDAH,KALIGANJ,279520,84.0,178420,67840,24.0,9.6,62.7,7.0,30.2,54.2,24.5,35.5,49.6,49.5,38.2,10.1,2.3,76.7,83.6,83.6,68.5,43.2,31.9,7.0,40.0,22.8,1.0,96.0,4.3
KHULNA,SATKHIRA,KALIGANJ,277980,93.8,176180,64920,48.0,31.7,61.6,7.6,30.8,32.9,15.8,43.2,50.9,49.1,37.5,11.3,2.2,74.7,82.4,83.4,67.0,40.5,33.8,7.7,41.3,24.0,15.0,77.4,1.6
KHULNA,JESSORE,KESHABPUR,254540,86.4,162420,62320,42.0,20.4,70.7,6.3,23.0,42.8,28.6,28.9,52.0,50.5,34.9,11.4,3.2,78.2,85.0,87.1,71.9,42.5,31.4,6.8,38.1,21.6,0.1,97.8,5.5
KHULNA,KHULNA,KHALISHPUR,162920,0.0,110180,39540,41.1,23.5,2.4,26.9,70.7,95.8,46.2,37.6,75.4,25.2,38.4,27.4,9.0,80.4,88.1,88.4,74.9,57.1,22.6,4.2,33.4,17.3,6.0,93.6,0.4
KHULNA,KHULNA,KHAN JAHAN ALI,79280,93.4,51760,18760,31.9,16.8,7.6,44.1,48.4,90.5,41.3,38.4,70.0,30.1,42.9,22.4,4.6,77.7,85.4,84.5,67.8,53.6,24.4,4.6,39.9,23.0,3.3,95.9,1.7
KHULNA,KUSHTIA,KHOKSA,129720,83.1,78900,32100,4.7,1.0,51.8,14.0,34.2,52.7,48.7,33.1,39.9,59.5,28.0,9.7,2.8,74.1,79.0,83.1,68.1,41.5,35.2,8.2,42.5,24.5,0.9,95.5,2.2
KHULNA,KHULNA,KHULNA SADAR,228600,0.0,157900,53660,35.5,18.8,3.2,12.5,84.3,95.1,54.3,36.5,77.3,24.4,31.7,29.9,14.0,76.6,85.5,84.8,66.8,51.2,22.5,4.2,34.2,18.3,5.5,93.7,0.4
KHULNA,JHENAIDAH,KOTCHANDPUR,140780,76.4,89580,34260,20.2,7.5,62.7,5.7,31.6,73.3,40.0,30.8,47.3,52.5,35.1,9.9,2.5,74.9,82.5,84.0,66.5,36.1,31.1,6.7,37.8,20.9,3.6,95.6,4.5
KHULNA,KHULNA,KOYRA,192580,94.3,118280,45760,49.1,29.1,81.2,3.5,15.4,24.6,25.9,30.7,47.6,54.5,35.7,7.7,2.0,74.1,82.6,79.6,63.7,33.9,34.7,8.1,39.5,22.4,0.3,44.2,9.4
KHULNA,KUSHTIA,KUMARKHALI,325420,93.1,198880,79020,4.0,0.9,47.5,19.4,33.1,62.4,19.4,42.3,39.8,60.7,27.3,9.8,2.2,74.0,78.2,83.4,67.7,43.0,34.5,7.9,43.6,25.4,0.4,96.7,2.8
KHULNA,KUSHTIA,KUSHTIA SADAR,501200,79.2,330380,120080,3.0,0.7,39.8,11.7,48.5,78.1,39.3,33.1,51.1,48.2,30.5,15.8,5.5,74.3,80.4,82.1,68.3,46.7,30.5,6.6,41.0,23.6,4.3,93.8,4.1
KHULNA,NARAIL,LOHAGARA,227480,89.3,133820,51260,19.9,7.6,64.1,7.8,28.1,43.9,37.2,47.7,56.8,49.4,37.1,11.3,2.2,76.8,83.8,83.4,69.9,38.8,31.9,7.1,36.1,20.0,0.3,97.8,2.3
KHULNA,MAGURA,MAGURA SADAR,378440,74.3,230900,86200,43.0,24.1,59.0,8.1,32.9,46.4,28.1,42.8,49.6,51.1,33.1,12.4,3.4,77.5,81.5,85.1,74.3,47.8,32.8,7.4,39.0,21.9,2.9,94.3,3.8
KHULNA,JHENAIDAH,MAHESHPUR,335000,91.8,209840,79760,23.6,9.4,74.5,6.8,18.7,66.6,19.2,32.3,41.7,58.1,33.1,6.9,2.0,72.5,79.6,82.9,63.1,33.5,33.6,7.6,39.7,22.5,1.1,96.7,7.1
KHULNA,JESSORE,MANIRAMPUR,419700,93.2,265580,101200,40.2,19.4,66.1,7.8,26.1,52.6,32.9,29.9,50.5,50.1,34.9,12.1,2.9,78.6,84.5,86.7,73.7,48.6,31.7,6.9,38.8,21.9,0.2,98.1,5.2
KHULNA,MEHERPUR,MEHERPUR SADAR,256800,83.2,169580,64140,15.1,5.1,64.2,2.3,33.5,63.2,25.4,27.8,45.9,56.2,32.4,9.0,2.3,74.8,83.2,86.1,68.4,31.8,32.7,7.3,39.9,22.8,7.1,91.1,6.6
KHULNA,KUSHTIA,MIRPUR,327580,90.1,213940,82780,3.3,0.7,71.9,6.2,21.9,60.7,23.0,33.9,38.0,61.3,27.6,9.6,1.4,71.6,76.9,82.7,63.1,41.6,34.7,8.0,40.6,23.0,0.4,97.9,6.4
KHULNA,MAGURA,MOHAMMADPUR,209540,94.9,118780,44900,50.8,30.6,70.9,3.7,25.4,34.8,44.8,35.5,44.9,55.2,32.9,9.9,2.0,79.2,83.5,87.7,72.6,43.7,35.0,8.1,39.3,22.2,0.2,96.5,2.7
KHULNA,BAGERHAT,MOLLAHAT,131660,90.7,75220,28500,46.1,26.7,75.6,6.9,17.4,50.8,52.4,36.2,48.8,51.1,37.5,9.6,1.8,70.4,76.1,82.0,60.4,34.3,34.0,7.7,37.2,20.9,2.7,95.2,1.5
KHULNA,BAGERHAT,MONGLA,136820,70.9,90380,32420,41.9,22.7,31.8,2.3,65.9,44.8,43.8,35.6,56.3,47.4,35.6,13.8,3.2,77.2,86.2,84.8,69.7,39.4,31.2,6.9,42.7,25.1,6.6,4.5,4.3
KHULNA,BAGERHAT,MORRELGANJ,292900,90.8,170740,75980,46.5,27.0,63.5,5.5,31.1,29.2,29.0,43.2,60.0,41.0,44.3,12.3,2.4,77.8,84.0,86.7,66.3,40.2,31.8,7.0,37.9,21.4,2.3,27.9,1.7
KHULNA,MEHERPUR,MUJIB NAGAR,96880,90.9,63140,24600,13.6,4.5,80.2,1.1,18.6,63.1,22.8,23.7,45.1,59.7,30.9,7.9,1.5,74.5,81.4,86.6,68.0,32.3,32.6,7.2,38.2,21.5,0.5,93.0,9.9
KHULNA,NARAIL,NARAIL SADAR,272220,81.4,167800,62800,17.3,6.1,63.9,5.9,30.3,48.5,26.6,35.8,61.2,46.7,37.5,12.3,3.5,79.0,85.5,87.9,72.3,42.9,29.8,6.3,36.5,20.4,2.2,95.9,4.1
KHULNA,KHULNA,PAIKGACHHA,247520,93.2,160680,59880,42.4,23.3,65.7,4.6,29.8,44.6,21.7,36.0,51.2,50.1,35.6,11.7,2.6,74.1,80.4,82.6,69.0,42.7,32.3,7.1,39.9,22.7,1.6,62.3,4.8
KHULNA,KHULNA,PHULTALA,84720,63.6,54300,19580,33.7,17.0,30.3,24.6,45.1,83.4,35.2,42.9,59.4,40.1,40.7,15.6,3.6,77.7,85.5,83.2,72.9,41.3,28.0,5.7,39.0,21.7,1.8,96.4,1.6
KHULNA,BAGERHAT,RAMPAL,155540,99.0,100300,38200,41.1,22.5,64.8,6.7,28.5,30.5,35.5,39.2,57.0,44.1,41.2,12.3,2.5,74.6,83.7,82.9,66.8,34.5,31.3,6.8,38.9,22.1,0.3,78.1,3.6
KHULNA,KHULNA,RUPSA,176960,100.0,112160,41880,36.9,20.2,25.0,20.5,54.5,75.4,32.1,43.8,57.9,42.1,42.5,12.9,2.4,71.9,84.0,76.5,57.0,34.5,28.7,5.9,42.7,24.5,0.7,97.8,1.7
KHULNA,BAGERHAT,SARANKHOLA,117620,77.4,70420,28580,48.0,28.2,41.1,1.8,57.2,23.1,31.4,49.9,58.9,42.6,45.6,10.3,1.6,76.4,84.0,81.9,66.7,32.4,32.4,7.2,40.1,23.4,14.8,31.8,0.8
KHULNA,SATKHIRA,SATKHIRA SADAR,468140,75.7,311320,109020,43.1,26.0,51.8,6.9,41.3,58.2,19.2,34.4,54.2,47.5,35.7,12.9,3.9,74.7,84.1,83.1,67.3,41.8,30.9,6.7,39.8,22.7,14.5,82.8,3.9
KHULNA,JHENAIDAH,SHAILKUPA,362840,90.2,227500,83340,28.2,12.1,68.5,8.3,23.2,46.9,15.3,39.6,42.7,57.3,30.6,10.0,2.1,76.8,80.7,87.0,69.1,49.9,34.6,8.0,41.0,23.5,0.7,96.7,4.6
KHULNA,MAGURA,SHALIKHA,166000,95.9,101380,36920,44.2,24.7,75.5,4.5,20.0,40.8,65.5,21.7,46.6,54.7,33.5,9.8,1.9,78.9,82.1,89.2,76.4,45.6,33.5,7.6,37.4,20.8,0.3,97.9,1.7
KHULNA,JESSORE,SHARSHA,344020,87.6,221640,82860,40.8,19.4,65.3,8.0,26.7,57.4,26.9,33.8,48.7,51.5,36.2,10.2,2.1,72.6,82.3,82.7,62.5,35.1,32.4,7.1,39.8,22.7,1.1,96.5,6.4
KHULNA,SATKHIRA,SHYAMNAGAR,318940,94.5,195080,72280,50.2,33.8,74.8,2.1,23.2,29.7,21.7,40.7,45.3,57.4,31.3,9.2,2.1,73.2,81.2,81.4,65.2,37.0,35.5,8.4,39.8,22.9,0.8,43.3,4.2
KHULNA,KHULNA,SONADANGA,168640,0.0,113620,38820,19.3,7.3,2.9,8.1,89.0,96.4,49.4,42.2,75.7,24.4,34.3,27.6,13.7,76.0,85.7,80.2,68.0,48.9,21.5,3.9,32.3,16.9,5.7,92.7,0.4
KHULNA,MAGURA,SREEPUR,166380,96.8,103860,37940,45.0,25.5,66.6,4.8,28.6,38.7,51.9,27.1,48.6,52.7,33.9,11.3,2.1,79.0,81.2,88.7,77.4,55.0,33.2,7.5,39.2,22.3,0.1,98.9,3.7
KHULNA,SATKHIRA,TALA,299300,96.8,193900,72460,45.2,28.9,74.8,5.4,19.8,43.3,11.4,37.1,47.8,50.2,35.9,11.2,2.7,78.6,83.9,88.3,75.4,44.5,32.5,7.2,39.9,22.7,0.5,95.7,4.8
KHULNA,KHULNA,TEROKHADA,116500,89.7,66780,26340,49.6,30.0,66.3,11.0,22.7,44.0,19.6,54.7,46.0,55.0,34.2,8.9,1.8,70.8,77.6,76.9,60.9,34.2,34.7,8.0,39.9,22.8,0.2,96.6,3.3
RAJSHAHI,BOGRA,ADAMDIGHI,199220,79.7,129180,49580,13.1,5.1,51.6,16.2,32.2,72.0,27.7,30.8,53.6,46.5,38.5,12.3,2.8,69.9,78.4,81.7,58.7,33.8,28.9,6.0,37.9,21.1,3.2,94.3,11.9
RAJSHAHI,JOYPURHAT,AKKELPUR,138580,82.5,90720,36640,26.9,13.4,70.7,5.5,23.8,55.4,15.4,27.8,52.7,46.7,39.1,11.9,2.3,75.7,80.9,88.5,76.2,36.9,30.6,6.7,37.3,21.0,0.5,96.2,17.0
RAJSHAHI,PABNA,ATGHARIA,155980,90.9,95220,38440,31.2,16.0,70.7,8.5,20.8,47.2,28.3,52.4,39.6,60.6,28.0,9.4,1.9,75.3,80.4,84.7,60.8,49.0,35.3,8.2,40.4,22.9,1.0,94.8,2.1
RAJSHAHI,NAOGAON,ATRAI,191300,93.0,124820,45460,13.5,5.0,74.1,1.8,24.1,43.7,24.7,39.0,40.9,59.1,30.2,8.9,1.8,70.7,77.3,82.4,63.0,33.9,35.0,8.1,40.2,22.8,0.8,95.4,9.5
RAJSHAHI,NAOGAON,BADALGACHHI,201400,97.0,132860,54020,15.0,5.7,72.2,3.6,24.3,29.7,15.2,17.1,46.8,53.0,34.9,10.4,1.6,78.7,83.4,88.6,75.3,43.9,32.9,7.3,41.0,24.0,0.7,96.6,42.0
RAJSHAHI,NATORE,BAGATIPARA,131420,92.5,87100,33360,31.6,18.6,69.2,4.2,26.5,51.7,23.1,42.8,51.3,49.8,33.1,14.0,3.1,83.2,86.5,90.8,80.4,63.5,31.0,6.7,36.7,20.5,0.4,96.7,9.9
RAJSHAHI,RAJSHAHI,BAGHA,182060,76.1,118260,46720,33.6,18.3,70.7,5.3,24.1,52.1,9.4,24.5,46.0,53.0,33.0,10.5,3.5,78.1,82.2,87.9,74.8,49.2,34.0,7.8,40.3,23.3,0.4,97.7,9.7
RAJSHAHI,RAJSHAHI,BAGHMARA,355960,88.9,236000,94060,29.4,14.9,81.6,4.7,13.7,41.0,21.3,36.0,42.5,56.3,30.8,10.0,3.0,78.7,82.9,87.1,76.8,50.5,33.4,7.5,37.7,21.1,3.3,91.3,6.6
RAJSHAHI,NATORE,BARAIGRAM,278460,85.9,178780,70120,36.1,22.1,76.2,4.5,19.2,44.6,25.0,48.0,45.1,56.6,31.8,9.0,2.6,75.6,81.3,88.1,69.6,40.7,33.4,7.5,37.7,21.2,0.9,93.9,5.4
RAJSHAHI,SIRAJGANJ,BELKUCHI,354380,78.1,208920,74420,42.5,26.4,23.5,54.9,21.6,55.7,13.7,39.7,45.4,53.4,35.7,9.2,1.7,64.5,73.1,73.6,51.6,27.4,35.6,8.4,49.7,30.6,0.7,96.9,5.0
RAJSHAHI,PABNA,BERA,255920,81.0,147980,57440,39.4,22.9,44.3,14.3,41.5,52.2,12.7,37.5,37.5,64.7,25.2,8.6,1.5,63.0,69.0,72.5,54.9,28.5,37.8,9.3,47.7,28.8,0.8,94.5,5.0
RAJSHAHI,PABNA,BHANGURA,124900,83.7,75840,28860,33.5,18.3,70.5,5.1,24.3,48.4,36.0,44.7,40.1,59.3,26.4,11.7,2.6,72.5,78.9,78.2,66.5,35.8,35.5,8.3,39.9,22.7,4.2,90.2,2.4
RAJSHAHI,CHAPAI NABABGANJ,BHOLAHAT,103420,86.8,63900,24480,20.8,8.9,74.3,4.9,20.9,42.1,8.9,31.0,44.2,58.3,32.5,6.9,2.3,66.5,71.5,77.8,57.5,32.6,34.2,7.9,40.2,22.9,3.2,89.5,4.5
RAJSHAHI,RAJSHAHI,BOALIA,221380,0.0,158680,49760,24.1,10.5,4.8,16.1,79.1,95.2,66.5,26.3,77.9,22.1,30.6,29.4,18.0,78.3,85.7,84.8,70.9,63.5,21.7,4.0,32.0,16.7,22.2,76.7,0.7
RAJSHAHI,BOGRA,BOGRA SADAR,558560,37.4,374260,131860,17.6,9.1,17.9,18.5,63.7,83.7,46.0,32.2,64.9,35.9,32.1,23.8,8.2,73.3,79.8,80.0,66.4,52.6,26.3,5.3,36.6,20.0,17.5,81.3,3.4
RAJSHAHI,CHAPAI NABABGANJ,CHAPAI NABABGANJ SADAR,529920,66.3,315840,112760,25.4,12.9,46.5,9.5,43.9,56.1,25.0,23.7,45.1,56.5,30.6,10.0,2.8,66.1,74.1,78.1,53.6,29.9,35.6,8.5,43.4,25.1,14.8,81.3,11.9
RAJSHAHI,RAJSHAHI,CHARGHAT,204880,82.4,135720,51780,31.4,16.8,60.8,5.8,33.4,58.5,16.2,28.2,43.2,54.4,30.8,11.7,3.1,76.9,79.5,85.5,76.0,56.4,33.2,7.5,41.1,23.6,0.5,95.8,10.0
RAJSHAHI,PABNA,CHATMOHAR,289840,94.9,179300,70260,31.4,16.1,75.4,5.9,18.7,43.2,33.6,46.7,41.4,59.4,29.1,9.0,2.5,75.2,80.9,82.0,69.0,39.4,35.2,8.2,39.3,22.4,1.6,93.1,2.5
RAJSHAHI,SIRAJGANJ,CHAUHALI,161380,86.4,89500,39840,45.5,28.1,64.0,18.0,18.0,20.5,3.4,38.3,32.0,68.8,22.1,7.4,1.7,65.0,68.2,75.4,58.4,29.9,40.2,10.2,46.3,28.0,0.6,95.9,3.0
RAJSHAHI,NAOGAON,DHAMOIRHAT,184820,90.8,122420,49040,17.9,7.7,84.8,2.3,12.9,28.2,19.6,12.8,46.8,53.5,33.9,10.7,1.8,72.0,77.3,83.8,62.7,41.2,33.4,7.5,39.8,23.0,1.8,93.4,37.7
RAJSHAHI,BOGRA,DHUNAT,292200,92.3,178820,74900,19.8,7.3,76.4,8.2,15.5,27.2,25.1,41.4,30.3,69.7,21.3,7.3,1.6,71.7,75.1,84.7,66.4,34.0,38.7,9.5,42.3,24.5,0.2,96.9,9.2
RAJSHAHI,BOGRA,DHUPCHANCHIA,176500,87.3,116840,45380,13.2,5.1,65.2,13.4,21.4,63.8,41.4,21.2,49.8,49.7,36.9,11.1,2.2,71.9,79.1,82.3,67.5,36.0,30.5,6.6,36.6,20.1,1.9,94.2,11.3
RAJSHAHI,RAJSHAHI,DURGAPUR,185980,85.2,123180,48540,25.7,12.3,84.1,2.0,13.9,67.4,10.0,45.2,43.9,55.6,30.9,10.4,3.0,81.4,84.2,90.3,80.0,51.5,31.3,6.8,35.9,19.7,3.5,92.6,5.6
RAJSHAHI,PABNA,FARIDPUR,131400,88.8,80660,30860,31.5,16.6,75.1,5.6,19.4,56.1,29.0,46.1,38.4,60.2,26.4,11.3,2.1,70.0,74.9,80.5,60.7,40.9,34.9,8.1,39.4,22.1,2.5,87.8,1.6
RAJSHAHI,BOGRA,GABTALI,319540,93.4,202180,83420,15.6,5.7,70.6,9.9,19.4,45.5,35.5,29.4,41.7,57.8,30.3,10.5,1.4,72.8,80.7,81.4,67.1,36.6,34.1,7.8,39.7,22.7,0.3,98.2,10.1
RAJSHAHI,RAJSHAHI,GODAGARI,326660,82.1,197600,72200,44.1,27.3,74.5,5.6,19.9,45.8,11.2,14.6,45.2,52.7,35.1,10.1,2.2,71.2,78.6,81.9,62.1,31.6,34.5,8.0,42.2,24.6,13.6,82.6,22.5
RAJSHAHI,CHAPAI NABABGANJ,GOMASTAPUR,276700,78.5,171380,62920,26.1,12.2,68.4,6.6,25.0,42.9,11.6,10.4,38.4,62.9,27.5,7.8,1.8,68.6,79.7,79.1,52.0,25.7,36.0,8.6,43.8,25.7,6.6,90.6,18.6
RAJSHAHI,NATORE,GURUDASPUR,212360,85.3,134520,55000,37.0,22.8,74.8,4.8,20.4,50.4,16.8,50.1,37.9,62.5,26.7,8.5,2.4,72.6,78.4,82.6,65.7,40.0,35.3,8.2,39.6,22.4,1.4,95.0,4.4
RAJSHAHI,PABNA,ISHWARDI,314040,79.1,203580,73360,26.2,13.2,42.0,21.0,37.0,77.1,25.1,39.2,54.0,44.7,38.0,13.7,3.5,74.6,82.3,80.6,68.4,44.1,31.0,6.7,41.2,23.5,3.4,93.3,4.5
RAJSHAHI,JOYPURHAT,JOYPURHAT SADAR,291280,76.3,194660,76400,26.0,13.0,56.7,5.1,38.1,53.7,39.7,18.0,61.1,46.2,33.3,16.0,4.5,77.1,81.7,89.9,72.3,45.9,27.8,5.7,35.9,20.0,4.2,93.0,19.1
RAJSHAHI,BOGRA,KAHALOO,222020,93.7,145560,58260,11.7,4.0,68.8,9.4,21.8,61.8,33.6,34.2,49.8,51.1,37.1,10.0,1.8,72.8,81.5,83.1,59.3,34.7,29.9,6.3,36.3,19.9,0.7,98.6,9.0
RAJSHAHI,JOYPURHAT,KALAI,143920,88.8,96500,38740,25.6,12.1,81.4,2.7,16.0,56.4,26.0,24.9,47.4,53.7,32.8,11.1,2.4,73.2,79.6,82.6,63.8,39.0,31.5,6.9,37.0,20.7,2.2,95.3,24.3
RAJSHAHI,SIRAJGANJ,KAMARKHANDA,139120,93.0,81160,31960,32.5,17.6,45.1,25.0,29.9,56.9,25.7,48.6,41.0,56.6,29.9,11.2,2.3,75.0,79.2,85.9,69.4,42.7,34.9,8.1,43.9,25.6,0.6,97.6,3.6
RAJSHAHI,SIRAJGANJ,KAZIPUR,273160,94.0,162180,69680,36.2,20.2,66.9,14.9,18.3,28.3,35.4,43.6,31.1,69.1,20.2,8.7,2.0,72.6,76.2,83.0,66.0,35.7,38.6,9.4,42.9,25.1,0.4,97.2,4.9
RAJSHAHI,JOYPURHAT,KHETLAL,109200,89.3,72200,29820,26.1,11.7,78.8,1.9,19.3,60.4,12.2,19.4,48.7,56.1,32.3,9.4,2.3,73.8,80.1,85.5,64.9,35.2,30.6,6.6,37.2,20.8,0.2,96.8,32.3
RAJSHAHI,NATORE,LALPUR,274700,92.3,175940,66420,35.7,21.8,69.2,5.0,25.9,49.9,31.1,31.6,46.4,54.4,31.6,10.9,3.1,75.6,81.7,83.8,69.9,46.0,32.8,7.3,39.4,22.4,0.8,96.3,6.1
RAJSHAHI,NAOGAON,MAHADEBPUR,289380,94.7,193020,76100,15.6,6.1,78.3,5.0,16.6,38.9,15.7,16.5,48.0,51.3,37.2,9.5,2.0,71.6,81.9,82.0,54.7,33.2,31.8,7.0,38.8,22.0,2.5,94.0,38.0
RAJSHAHI,NAOGAON,MANDA,362020,96.8,238320,97240,14.7,5.4,83.5,3.5,12.9,32.6,13.3,19.0,41.8,58.6,30.7,8.7,2.0,73.6,79.0,85.7,65.3,39.1,34.2,7.8,40.4,23.3,1.5,93.5,22.0
RAJSHAHI,RAJSHAHI,MATIHAR,60260,0.0,43380,12320,33.3,15.2,8.7,10.6,80.8,83.6,60.6,23.4,62.4,35.4,30.9,21.8,11.9,76.0,82.8,78.4,79.1,53.7,27.1,5.6,36.5,19.6,23.9,74.5,1.3
RAJSHAHI,RAJSHAHI,MOHANPUR,170580,82.5,113180,44000,24.9,12.0,82.6,2.7,14.7,73.2,21.9,36.0,48.5,49.7,37.8,9.5,2.9,76.7,81.9,85.9,74.1,44.1,29.7,6.3,34.3,18.5,4.4,91.5,3.0
RAJSHAHI,CHAPAI NABABGANJ,NACHOLE,146860,88.2,91120,32920,24.2,11.4,82.8,5.0,12.3,48.6,6.0,25.0,43.0,56.3,33.4,8.0,2.4,70.3,77.9,79.1,62.9,30.8,34.2,7.9,40.6,23.5,21.9,75.9,16.2
RAJSHAHI,BOGRA,NANDIGRAM,182180,90.1,118460,45860,16.1,6.3,83.0,5.2,11.9,45.7,29.6,38.2,45.0,54.0,34.7,9.0,2.3,68.8,77.9,75.0,58.9,28.3,32.7,7.3,36.9,20.5,1.0,97.1,9.2
RAJSHAHI,NAOGAON,NAOGAON SADAR,405760,63.2,267200,100860,17.4,8.3,41.9,12.2,46.0,63.9,27.3,21.4,51.2,48.9,33.3,13.9,3.8,71.1,78.5,79.7,63.6,41.9,31.1,6.8,40.7,23.3,2.8,93.3,20.1
RAJSHAHI,NATORE,NATORE SADAR,443320,79.6,289000,110200,31.8,18.8,56.9,6.9,36.2,56.1,40.6,38.5,53.6,46.5,35.9,13.7,3.9,76.9,85.5,85.1,71.8,41.1,31.0,6.8,37.5,20.9,4.5,91.6,4.8
RAJSHAHI,NAOGAON,NIAMATPUR,248300,97.5,161080,61800,19.4,8.4,80.0,1.9,18.0,34.4,18.0,16.4,42.7,56.3,33.8,7.7,2.2,69.8,80.8,78.4,56.3,26.1,34.9,8.1,41.6,24.4,8.1,89.3,41.3
RAJSHAHI,RAJSHAHI,PABA,314340,72.9,202100,76600,33.4,17.1,63.0,9.7,27.3,67.5,20.0,23.2,46.6,51.3,35.5,10.6,2.7,74.1,82.1,82.6,63.6,38.9,32.1,7.1,39.8,22.6,5.7,91.1,9.4
RAJSHAHI,PABNA,PABNA SADAR,588780,76.1,368820,138820,27.8,14.3,39.1,18.2,42.7,73.5,32.1,40.0,49.7,50.3,30.3,14.6,4.8,72.2,78.5,80.6,64.6,42.1,32.6,7.4,42.0,24.2,3.7,94.3,2.6
RAJSHAHI,JOYPURHAT,PANCHBIBI,233400,90.4,152460,60980,28.3,13.6,73.6,4.3,22.1,41.8,39.6,17.5,51.2,51.4,34.3,11.7,2.6,76.6,83.2,83.5,70.2,45.5,31.5,6.9,37.5,21.0,1.2,95.1,16.2
RAJSHAHI,NAOGAON,PATNITALA,230920,90.6,155560,58640,18.6,8.1,78.7,2.8,18.5,35.1,13.0,14.1,51.5,47.8,38.3,11.2,2.6,73.3,80.8,84.4,63.6,37.2,32.7,7.3,40.2,23.2,3.9,84.0,39.7
RAJSHAHI,NAOGAON,PORSHA,130360,91.1,82920,30760,21.7,9.4,81.3,4.9,13.8,27.4,12.2,12.2,41.0,56.4,34.5,7.4,1.7,65.8,75.5,72.3,56.1,26.8,36.9,8.9,43.8,25.9,5.5,57.6,48.5
RAJSHAHI,RAJSHAHI,PUTHIA,204660,87.4,136360,52940,26.8,13.3,72.6,3.2,24.1,58.5,25.1,38.2,45.8,52.7,32.9,11.3,3.1,78.1,82.7,85.2,75.7,53.0,31.8,6.9,38.3,21.6,3.8,93.1,7.3
RAJSHAHI,RAJSHAHI,RAJPARA,131560,0.0,91040,30440,24.4,10.7,6.4,4.9,88.7,90.3,70.3,18.9,74.4,24.7,31.2,29.3,14.8,80.1,84.6,85.4,77.0,66.7,23.4,4.5,34.6,18.7,9.6,90.1,1.4
RAJSHAHI,NAOGAON,RANINAGAR,186840,96.5,119580,45640,13.3,4.9,78.6,4.1,17.4,53.0,24.2,24.1,45.8,54.2,34.5,9.8,1.5,70.2,78.5,81.3,59.2,30.1,33.1,7.4,38.8,22.0,0.9,95.1,17.4
RAJSHAHI,SIRAJGANJ,ROYGANJ,324640,94.2,192460,77160,39.4,22.8,67.7,12.5,19.8,33.7,15.1,46.2,34.5,66.5,24.1,7.7,1.8,68.5,73.6,77.0,60.2,31.9,37.9,9.2,43.9,25.8,0.7,95.3,9.4
RAJSHAHI,PABNA,SANTHIA,380020,89.8,229940,89060,33.1,17.5,67.3,11.8,20.8,55.1,22.5,48.9,39.7,61.5,27.0,9.6,1.9,71.1,76.9,81.4,61.6,37.5,35.2,8.2,41.3,23.5,0.7,93.9,3.5
RAJSHAHI,NAOGAON,SAPAHAR,161060,92.2,101620,36220,21.4,9.0,83.8,3.4,12.9,25.0,8.7,11.0,39.9,56.3,31.3,9.6,2.8,67.2,77.1,74.7,59.3,27.5,35.7,8.4,42.8,25.1,10.5,68.9,45.4
RAJSHAHI,BOGRA,SARIAKANDI,272280,92.8,161040,75600,21.6,8.7,77.7,6.7,15.6,27.9,32.3,35.1,32.0,68.8,20.8,9.4,0.9,70.1,73.0,81.2,64.1,37.9,38.4,9.4,41.7,24.1,0.2,95.5,11.3
RAJSHAHI,RAJSHAHI,SHAH MAKHDUM,29260,0.0,20380,6900,30.9,13.4,13.8,18.5,67.8,79.1,48.1,35.1,70.3,25.8,36.8,27.4,9.9,78.6,86.8,83.0,75.0,50.8,26.8,5.6,35.5,19.5,26.1,72.2,4.1
RAJSHAHI,SIRAJGANJ,SHAHJADPUR,568700,87.2,334440,123580,41.8,25.1,49.1,29.0,21.9,54.1,8.8,36.7,35.3,64.9,25.2,8.1,1.7,63.5,70.5,72.1,52.6,28.1,37.5,9.1,47.4,28.5,1.1,95.2,2.7
RAJSHAHI,BOGRA,SHAJAHANPUR,284700,80.6,185640,72660,12.5,5.0,49.5,9.5,41.0,67.5,39.9,32.1,54.6,45.3,34.3,16.7,3.7,76.5,83.1,80.4,73.1,48.5,28.6,6.0,36.9,20.3,7.8,90.5,6.1
RAJSHAHI,BOGRA,SHERPUR,333600,83.5,213860,81780,15.7,5.6,63.3,12.5,24.2,42.3,34.4,36.9,39.9,59.7,26.2,11.0,3.2,71.3,75.4,81.8,63.9,41.7,34.9,8.1,40.6,23.1,3.8,93.6,6.9
RAJSHAHI,BOGRA,SHIBGANJ,381580,94.2,248100,99220,16.9,6.3,76.0,6.2,17.8,46.6,24.0,22.4,40.2,58.8,28.8,10.6,1.8,69.5,74.0,81.0,64.1,37.4,34.0,7.8,40.4,23.1,1.1,95.8,23.3
RAJSHAHI,CHAPAI NABABGANJ,SHIBGANJ,592780,91.4,357660,124920,26.0,12.2,71.6,5.0,23.4,46.6,14.2,12.9,37.1,62.2,27.2,8.4,2.1,66.6,74.8,76.3,57.0,28.7,36.5,8.7,44.2,26.0,0.9,96.2,10.6
RAJSHAHI,NATORE,SINGRA,364000,90.7,228720,88780,37.8,23.4,82.5,3.1,14.4,43.2,15.4,48.1,40.3,59.6,30.5,8.3,1.6,68.2,75.9,74.0,56.5,36.5,35.6,8.4,39.5,22.4,2.2,92.1,6.5
RAJSHAHI,SIRAJGANJ,SIRAJGANJ SADAR,558540,69.7,341160,125460,36.7,21.6,32.5,24.3,43.1,66.0,26.3,35.9,46.9,52.3,30.3,13.8,3.6,71.7,78.3,80.2,62.1,39.7,34.5,8.0,45.1,26.8,4.2,93.7,4.4
RAJSHAHI,BOGRA,SONATOLA,187880,87.2,112720,48580,23.7,10.3,74.9,6.7,18.4,29.3,23.4,26.3,37.3,62.1,24.1,12.0,1.8,72.1,76.5,82.3,65.9,41.1,37.3,9.0,41.2,23.6,0.2,97.8,15.6
RAJSHAHI,PABNA,SUJANAGAR,280340,90.6,165860,63680,35.4,19.4,69.1,10.6,20.3,57.9,21.6,39.9,38.1,63.7,25.0,9.8,1.5,70.4,74.0,80.3,67.5,38.4,36.2,8.6,42.1,24.3,0.6,96.5,4.8
RAJSHAHI,RAJSHAHI,TANORE,191840,72.4,123840,47420,35.7,20.7,86.9,3.0,10.2,60.4,14.2,21.0,45.0,53.7,34.8,9.1,2.4,71.1,77.4,82.1,67.0,32.2,32.1,7.1,37.1,20.6,20.1,75.1,22.9
RAJSHAHI,SIRAJGANJ,TARASH,196440,96.0,118160,48960,35.8,20.0,82.6,3.8,13.6,40.7,17.4,49.1,34.2,66.2,24.6,7.4,1.8,67.5,74.3,74.7,56.9,29.5,37.2,8.9,39.7,22.6,0.7,96.1,7.1
RAJSHAHI,SIRAJGANJ,ULLAH PARA,539260,91.3,320380,123880,36.6,20.9,60.7,16.0,23.3,44.5,17.0,51.2,40.1,59.7,28.0,10.2,2.1,71.6,76.1,81.1,61.9,42.6,36.2,8.6,42.8,24.9,0.8,94.5,3.2
RANGPUR,LALMONIRHAT,ADITMARI,226740,91.0,133340,52140,36.0,17.3,79.9,4.5,15.6,20.3,46.6,32.1,40.0,62.4,27.6,8.3,1.6,76.0,81.0,84.2,69.5,41.4,36.7,8.7,40.1,18.4,0.3,97.3,5.7
RANGPUR,PANCHAGARH,ATWARI,135000,91.8,83620,32040,24.1,11.1,65.6,2.2,32.2,38.5,54.2,15.9,53.7,51.3,34.4,11.7,2.6,78.8,84.7,86.8,72.3,46.6,31.1,6.7,37.9,17.3,0.7,96.4,18.1
RANGPUR,RANGPUR,BADARGANJ,285780,91.2,171720,71980,48.3,30.6,79.2,5.1,15.7,28.6,13.0,15.7,38.8,61.4,27.5,8.9,2.3,71.1,77.2,81.4,60.4,33.6,36.5,8.7,42.4,20.0,0.8,96.6,26.6
RANGPUR,THAKURGAON,BALIADANGI,195980,91.9,118640,45520,26.5,11.3,83.7,2.9,13.4,24.2,2.1,4.9,38.6,59.9,29.7,8.7,1.7,73.2,78.7,81.5,62.1,43.9,36.5,8.7,43.6,21.0,0.1,98.1,48.9
RANGPUR,KURIGRAM,BHURUNGAMARI,230380,87.2,139080,57020,65.1,44.7,80.2,4.0,15.7,19.7,17.1,58.9,36.6,64.9,25.9,7.6,1.5,71.4,76.3,82.9,64.1,35.4,38.6,9.5,40.7,19.0,0.1,96.9,6.8
RANGPUR,DINAJPUR,BIRAL,256500,96.4,156760,61440,38.8,20.6,69.1,4.1,26.8,31.1,26.7,8.3,43.8,56.7,31.4,10.1,1.8,74.6,82.1,82.5,63.3,37.4,34.3,7.8,42.6,20.4,0.9,97.3,43.9
RANGPUR,DINAJPUR,BIRAMPUR,172540,71.6,110180,42120,35.9,19.0,65.2,3.3,31.5,41.8,36.4,22.6,50.7,48.9,35.4,12.5,3.2,75.8,80.3,84.1,76.0,45.1,33.4,7.6,39.7,18.2,0.9,96.1,12.2
RANGPUR,DINAJPUR,BIRGANJ,313580,93.8,193100,73900,43.1,24.8,72.5,3.7,23.8,34.2,30.6,16.7,43.7,57.0,30.8,10.0,2.1,73.8,82.6,81.7,61.0,37.9,34.3,7.9,41.1,19.4,0.5,96.8,21.4
RANGPUR,DINAJPUR,BOCHAGANJ,158020,82.4,98700,39240,38.4,21.0,69.0,7.6,23.4,29.5,46.9,12.2,49.1,52.5,32.0,12.1,3.4,75.7,82.0,85.1,68.9,40.9,33.5,7.6,39.9,18.6,1.1,98.0,24.5
RANGPUR,PANCHAGARH,BODA,231020,92.6,141580,56120,26.6,12.0,72.3,3.7,23.9,23.0,21.8,35.4,47.3,52.4,35.0,10.2,2.4,75.9,83.6,82.2,67.9,43.7,33.9,7.7,40.1,18.8,0.5,95.8,15.3
RANGPUR,KURIGRAM,CHAR RAJIBPUR,76500,79.7,42620,17300,68.8,48.7,78.1,2.9,19.0,17.6,20.5,51.0,32.5,69.9,20.8,7.1,2.3,79.0,83.5,85.4,71.2,39.2,41.1,10.6,42.1,20.1,0.0,97.8,4.9
RANGPUR,KURIGRAM,CHILMARI,122980,62.5,70000,30980,61.1,42.1,69.8,2.8,27.4,22.9,19.2,40.2,35.6,65.3,22.6,9.8,2.3,73.4,75.6,85.6,66.1,37.3,40.3,10.2,44.5,21.5,0.1,96.2,14.8
RANGPUR,DINAJPUR,CHIRIRBANDAR,288580,97.2,178680,68440,38.5,22.6,69.7,4.9,25.4,34.1,19.1,16.5,49.3,49.7,34.4,13.2,2.8,77.9,84.0,87.4,72.4,43.3,33.0,7.4,41.5,19.6,0.8,97.0,23.4
RANGPUR,PANCHAGARH,DEBIGANJ,226860,93.3,133080,52420,34.2,16.6,75.2,4.3,20.5,22.5,21.2,23.2,42.3,59.2,30.2,8.4,2.2,75.6,84.3,81.4,62.6,41.0,35.6,8.3,41.4,19.5,0.5,96.6,18.8
RANGPUR,NILPHAMARI,DIMLA,281760,92.8,161500,63540,35.2,17.4,82.1,3.7,14.2,25.4,7.8,19.2,37.3,63.9,25.4,8.9,1.8,71.5,77.8,78.1,59.5,38.4,38.1,9.3,43.2,20.9,0.1,95.5,12.2
RANGPUR,DINAJPUR,DINAJPUR SADAR,485740,61.4,321500,111760,28.2,16.5,35.1,8.8,56.1,65.6,38.4,15.9,64.0,37.1,35.2,20.5,7.2,75.4,82.7,81.8,65.9,54.2,28.4,5.9,39.2,18.1,4.7,93.0,22.7
RANGPUR,NILPHAMARI,DOMAR,247180,83.7,144560,58020,31.3,15.5,73.0,6.3,20.7,33.5,13.4,30.0,45.2,55.7,33.0,9.0,2.2,73.9,83.1,80.5,61.5,32.4,35.8,8.4,42.3,20.1,0.8,95.6,16.3
RANGPUR,DINAJPUR,FULBARI,179660,80.4,115340,43120,33.8,17.8,64.6,5.7,29.6,42.1,39.7,13.0,51.3,47.6,36.9,12.5,3.0,73.8,81.2,84.6,63.9,42.5,32.7,7.3,39.8,18.4,1.3,97.5,19.9
RANGPUR,GAIBANDHA,FULCHHARI,164700,96.3,94100,40500,58.1,39.8,79.0,3.2,17.8,23.6,9.5,31.0,27.2,73.6,18.2,7.0,1.2,63.7,68.8,73.3,55.1,26.0,41.1,10.5,44.5,21.6,0.1,94.3,19.4
RANGPUR,GAIBANDHA,GAIBANDHA SADAR,445680,78.9,272860,109620,44.8,28.3,55.0,5.7,39.3,39.1,10.5,15.2,44.2,56.9,25.9,13.3,3.9,69.5,73.9,79.2,61.6,39.6,36.4,8.8,44.1,21.5,4.4,91.0,26.6
RANGPUR,RANGPUR,GANGACHARA,296920,95.8,177420,73480,58.3,39.0,71.8,4.9,23.2,31.9,18.6,23.8,37.5,64.4,25.1,8.8,1.7,69.7,75.0,81.8,59.0,33.3,36.7,8.8,43.1,20.6,0.1,97.4,25.3
RANGPUR,DINAJPUR,GHORAGHAT,118660,80.7,72760,30080,41.8,24.3,71.7,4.5,23.8,40.0,40.2,19.3,43.1,58.4,28.4,10.3,2.9,75.5,81.8,83.8,64.8,36.8,35.1,8.2,41.3,19.3,1.4,95.1,11.5
RANGPUR,GAIBANDHA,GOBINDAGANJ,513620,92.3,315220,132580,45.4,29.0,71.7,6.0,22.3,33.1,13.0,17.2,38.7,61.9,25.4,10.3,2.4,72.0,76.4,82.1,64.2,38.9,36.2,8.6,42.8,20.4,0.8,95.4,32.4
RANGPUR,DINAJPUR,HAKIMPUR,90760,70.0,58740,22880,38.9,22.4,60.7,4.5,34.8,58.0,39.5,21.6,55.2,44.7,39.3,13.1,2.9,76.4,85.7,87.8,68.3,31.3,31.7,6.9,38.8,17.8,0.4,97.7,12.0
RANGPUR,THAKURGAON,HARIPUR,145860,95.3,84760,32600,29.7,13.1,86.7,1.7,11.6,22.9,22.9,14.8,37.6,63.0,25.7,8.7,2.6,73.3,80.2,82.2,59.2,37.8,37.3,8.9,41.8,19.6,0.2,98.4,22.5
RANGPUR,LALMONIRHAT,HATIBANDHA,237520,100.0,136120,53140,38.1,18.4,80.2,5.6,14.2,12.3,18.9,36.4,39.1,61.3,27.7,8.9,2.1,77.6,82.1,84.1,68.8,48.5,36.8,8.8,40.8,19.1,0.2,98.5,6.4
RANGPUR,NILPHAMARI,JALDHAKA,342940,86.2,201300,79000,43.5,24.9,79.6,4.5,15.8,26.8,15.2,19.1,33.2,67.4,22.6,8.0,2.0,71.8,80.7,77.7,58.1,37.1,39.3,9.8,44.1,21.6,0.1,97.9,15.0
RANGPUR,DINAJPUR,KAHAROLE,152600,95.3,96380,36760,44.3,25.6,73.4,5.1,21.5,26.8,33.4,11.9,47.5,55.1,31.6,10.8,2.4,76.5,85.3,83.3,64.2,39.1,33.4,7.5,41.1,19.3,0.3,98.5,23.5
RANGPUR,LALMONIRHAT,KALIGANJ,240340,91.9,143180,58140,35.3,16.6,78.7,5.3,16.0,15.8,42.9,30.6,42.6,58.6,29.8,9.3,2.3,75.3,80.1,85.0,66.5,42.3,36.5,8.6,39.6,18.3,0.3,98.3,8.4
RANGPUR,RANGPUR,KAUNIA,224660,72.9,138820,56260,45.0,33.2,59.1,15.1,25.8,49.5,14.1,33.3,39.6,60.6,24.3,12.1,3.0,68.6,73.4,76.7,59.2,42.0,37.2,9.1,43.8,21.3,0.4,97.3,19.4
RANGPUR,DINAJPUR,KHANSAMA,174240,94.9,105700,39440,46.5,25.8,74.1,5.1,20.8,20.9,33.2,14.6,43.0,56.6,29.1,11.2,3.1,76.9,83.9,82.3,72.3,42.9,35.0,8.1,41.8,19.8,0.3,97.4,15.2
RANGPUR,NILPHAMARI,KISHOREGANJ,262460,96.8,156060,65800,30.9,14.7,80.0,3.5,16.5,28.5,3.2,9.0,33.0,66.9,22.2,8.9,1.9,70.0,76.1,79.4,56.4,37.0,38.0,9.2,44.8,21.9,0.1,96.1,44.1
RANGPUR,KURIGRAM,KURIGRAM SADAR,313520,74.5,185580,72620,58.0,40.5,52.5,5.5,42.0,33.2,15.8,22.4,42.0,58.5,25.2,12.5,3.7,70.9,75.6,79.6,63.9,40.0,38.1,9.4,44.9,22.1,3.9,93.3,13.9
RANGPUR,LALMONIRHAT,LALMONIRHAT SADAR,332840,81.7,204020,79140,31.3,15.1,61.4,5.1,33.5,29.2,22.3,29.9,44.4,57.1,28.4,11.4,3.2,72.7,76.9,79.3,68.5,45.0,36.2,8.6,43.0,20.7,1.9,95.4,10.2
RANGPUR,RANGPUR,MITHA PUKUR,511620,98.6,315840,135060,45.4,29.0,74.0,4.6,21.4,24.5,8.8,18.3,42.1,58.8,29.0,9.9,2.3,72.8,78.0,84.0,62.5,35.1,35.0,8.1,42.6,20.3,0.3,97.1,25.3
RANGPUR,KURIGRAM,NAGESHWARI,388900,83.9,225400,94100,65.0,45.4,78.6,3.4,18.0,17.8,21.0,37.3,35.0,66.9,23.5,7.6,2.1,66.4,70.8,77.7,56.6,31.0,40.2,10.2,42.6,20.2,0.2,96.9,9.8
RANGPUR,DINAJPUR,NAWABGANJ,232120,96.8,143620,57840,37.3,20.5,76.3,6.4,17.3,31.6,33.9,18.4,40.2,58.1,30.0,9.6,2.3,72.7,77.6,86.1,65.7,35.6,35.8,8.4,41.5,19.5,0.8,96.7,20.4
RANGPUR,NILPHAMARI,NILPHAMARI SADAR,435600,90.1,258880,97060,36.4,21.0,66.6,6.0,27.5,36.1,16.3,13.2,40.5,61.0,26.1,10.2,2.7,72.3,79.3,79.4,61.2,38.3,36.2,8.5,43.9,21.2,0.8,96.8,25.2
RANGPUR,GAIBANDHA,PALASHBARI,245140,90.7,147060,63300,44.8,27.1,66.9,6.7,26.5,30.8,12.3,15.5,43.8,57.8,26.5,13.2,2.5,74.6,78.9,84.7,68.9,41.6,35.5,8.3,42.3,20.2,0.6,96.2,28.9
RANGPUR,PANCHAGARH,PANCHAGARH SADAR,270300,83.4,162940,60120,24.2,11.2,54.2,8.6,37.2,31.0,56.4,27.4,48.4,51.3,33.0,11.9,3.7,73.8,82.5,80.1,61.0,42.3,33.3,7.5,40.6,18.8,3.8,90.8,8.4
RANGPUR,DINAJPUR,PARBATIPUR,363280,89.1,225700,88740,39.7,22.1,65.2,5.1,29.8,38.2,23.4,13.7,50.4,49.2,34.0,13.6,3.1,75.5,81.8,84.9,66.7,42.4,32.7,7.3,41.2,19.4,1.6,96.2,32.6
RANGPUR,LALMONIRHAT,PATGRAM,216400,86.2,124060,47920,33.3,17.0,69.8,3.2,27.0,19.4,17.6,21.0,42.5,59.1,31.8,7.4,1.7,71.8,78.4,80.7,58.3,32.1,36.6,8.7,44.3,21.3,0.1,94.7,17.4
RANGPUR,KURIGRAM,PHULBARI,161900,92.0,97900,39640,68.5,48.8,74.9,3.8,21.2,14.8,27.1,45.5,40.4,62.6,26.1,9.1,2.2,75.3,79.4,85.6,66.4,45.7,37.2,8.9,40.7,19.2,0.1,98.2,6.8
RANGPUR,RANGPUR,PIRGACHHA,311840,95.8,190920,82640,49.7,30.5,74.3,5.7,19.9,29.0,12.7,34.4,39.9,60.5,27.0,10.3,2.1,72.9,76.3,84.2,67.4,41.8,36.0,8.5,41.1,19.1,0.3,96.2,13.4
RANGPUR,RANGPUR,PIRGANJ,244320,96.1,150660,101660,46.9,28.3,75.9,3.6,20.5,30.4,18.4,21.3,39.8,63.2,25.0,9.2,2.5,72.0,76.1,81.3,63.3,41.3,35.4,8.3,41.3,19.4,0.3,97.7,26.8
RANGPUR,THAKURGAON,PIRGANJ,381120,88.8,231820,58300,23.3,9.6,69.8,2.9,27.3,26.2,20.1,19.8,43.7,56.3,28.8,11.9,3.0,75.0,81.1,82.4,67.2,43.3,34.8,8.0,42.5,20.3,0.2,98.0,22.7
RANGPUR,KURIGRAM,RAJARHAT,183600,94.7,112460,46500,67.7,48.6,63.4,4.0,32.6,22.5,15.4,40.5,45.1,56.2,30.0,10.9,2.9,80.2,83.1,89.7,73.5,51.8,34.5,7.9,41.2,19.4,0.2,98.8,6.2
RANGPUR,RANGPUR,RANGPUR SADAR,706600,59.2,453080,165020,37.1,25.8,32.3,11.3,56.4,63.4,28.3,30.9,59.4,42.8,29.7,20.0,7.5,73.1,78.7,80.0,66.4,49.0,30.5,6.6,41.0,19.3,7.4,91.0,15.4
RANGPUR,THAKURGAON,RANISANKAIL,221940,91.7,132360,51060,25.8,11.1,75.2,3.8,21.0,28.1,13.4,15.7,41.6,59.6,28.4,9.2,2.9,72.6,78.9,81.8,60.2,39.4,35.3,8.2,42.5,20.2,0.3,98.2,25.8
RANGPUR,KURIGRAM,RAUMARI,196820,86.8,114560,46880,57.0,36.0,80.7,3.9,15.4,17.8,16.9,43.0,29.4,71.0,19.4,8.4,1.3,72.7,76.5,83.4,62.5,41.6,40.9,10.4,42.6,20.4,0.0,95.3,9.3
RANGPUR,GAIBANDHA,SADULLAPUR,285020,95.7,170760,75240,51.0,31.1,76.4,5.2,18.4,21.8,12.5,26.0,39.6,61.9,24.8,11.0,2.4,72.6,77.2,81.5,61.8,40.4,36.6,8.7,41.7,19.7,0.2,97.6,23.3
RANGPUR,GAIBANDHA,SAGHATA,264420,94.3,155740,68960,52.8,34.1,71.5,4.0,24.5,31.1,9.8,23.9,35.7,64.9,23.9,9.4,1.8,72.9,76.0,85.2,68.2,37.2,38.1,9.3,43.0,20.6,0.1,97.0,15.8
RANGPUR,NILPHAMARI,SAIDPUR,261160,51.6,160500,58120,27.7,16.2,31.7,16.7,51.6,62.4,35.7,20.8,50.8,50.3,29.0,16.3,4.4,69.7,78.2,74.9,57.0,43.4,31.8,7.1,40.9,18.9,2.9,95.2,17.1
RANGPUR,GAIBANDHA,SUNDARGANJ,463800,95.4,275660,122100,47.6,29.4,79.2,4.2,16.6,21.4,7.6,20.1,33.8,68.6,20.0,9.0,2.4,69.1,73.3,79.5,62.5,33.4,38.6,9.5,43.0,20.5,0.1,94.3,27.4
RANGPUR,RANGPUR,TARAGANJ,139360,94.2,83380,34120,52.4,32.4,79.6,3.9,16.5,30.1,20.5,18.6,38.9,61.6,27.2,9.6,1.6,70.0,77.7,81.0,50.0,36.6,36.1,8.5,42.0,19.9,0.5,96.8,19.1
RANGPUR,PANCHAGARH,TENTULIA,126180,95.5,76680,27920,21.5,8.8,57.8,22.9,19.4,23.6,40.8,31.6,43.1,55.2,34.0,9.1,1.8,72.3,79.8,78.5,67.1,36.8,34.5,7.9,43.0,20.2,0.4,93.6,11.5
RANGPUR,THAKURGAON,THAKURGAON SADAR,582020,84.2,359920,133340,28.6,17.7,59.1,4.6,36.3,47.5,9.0,17.8,49.4,49.3,33.2,13.4,4.1,75.7,82.7,83.5,67.1,43.1,32.5,7.2,42.5,20.2,0.7,96.8,23.0
RANGPUR,KURIGRAM,ULIPUR,395380,88.5,231380,103060,65.3,46.2,75.3,4.9,19.8,19.3,15.3,38.1,40.0,62.1,26.0,9.9,2.0,75.8,77.9,87.2,70.4,42.8,37.6,9.1,41.2,19.3,0.2,97.8,16.6
SYLHET,HABIGANJ,AJMIRIGANJ,112220,87.1,60580,21300,32.6,26.4,69.0,3.8,27.2,44.4,6.3,16.2,34.8,70.9,23.6,4.7,0.8,52.6,65.9,50.3,31.4,15.6,40.9,10.6,45.8,31.1,0.5,81.0,10.5
SYLHET,HABIGANJ,BAHUBAL,196920,97.9,107340,37340,24.1,19.3,73.6,9.0,17.4,38.6,16.0,31.3,39.1,61.8,30.8,6.4,1.1,59.6,73.4,56.8,35.5,22.5,39.4,10.0,44.0,29.1,0.7,92.1,7.6
SYLHET,SYLHET,BALAGANJ,323580,97.4,183980,54240,19.7,15.8,53.3,6.5,40.2,58.8,17.2,44.2,49.3,51.8,39.3,7.7,1.2,66.3,82.4,70.8,45.8,25.0,35.7,8.5,43.1,28.4,2.2,68.5,3.6
SYLHET,HABIGANJ,BANIACHONG,335180,91.3,179140,59440,27.6,22.2,77.4,4.1,18.5,43.6,4.2,33.9,33.2,67.6,27.0,4.8,0.7,55.7,68.9,57.1,30.4,16.9,39.9,10.2,44.3,29.5,0.1,87.2,5.1
SYLHET,MAULVIBAZAR,BARLEKHA,259380,89.6,145600,44220,25.7,20.8,42.1,13.7,44.2,45.2,17.5,33.1,51.3,51.3,38.9,8.2,1.6,68.6,80.7,75.3,52.6,30.1,37.3,9.2,45.3,30.6,2.6,68.3,4.9
SYLHET,SYLHET,BEANI BAZAR,246360,83.7,140160,42120,15.9,11.8,37.9,16.2,45.9,71.3,26.6,48.8,58.1,45.2,41.7,11.7,1.5,70.5,82.3,76.1,56.4,34.4,33.8,7.8,41.4,26.8,9.1,81.4,0.9
SYLHET,SUNAMGANJ,BISHWAMBARPUR,156860,98.1,78180,29340,30.4,24.7,75.4,2.5,22.0,19.3,3.4,19.4,31.0,71.8,22.2,5.2,0.9,61.4,70.3,62.7,45.8,22.3,41.8,10.8,47.2,32.5,0.1,85.3,14.7
SYLHET,SYLHET,BISHWANATH,227620,91.2,128000,37980,12.5,9.7,50.2,8.5,41.3,65.0,25.9,43.2,46.2,54.8,36.9,7.4,0.9,66.2,81.4,71.5,45.7,22.6,37.0,9.0,43.5,28.8,2.1,84.1,2.7
SYLHET,SUNAMGANJ,CHHATAK,409940,87.5,222620,66700,23.6,18.6,59.8,8.7,31.5,50.2,12.6,29.8,37.5,64.2,28.4,6.2,1.1,63.2,76.3,65.3,40.7,23.7,39.7,10.2,45.7,30.6,3.4,79.8,9.3
SYLHET,HABIGANJ,CHUNARUGHAT,307020,93.1,172260,61140,27.5,22.5,71.4,5.0,23.6,39.6,10.1,34.3,38.5,61.7,29.9,7.3,1.2,63.6,75.9,67.0,45.9,25.6,39.2,9.9,43.4,28.8,3.0,85.3,15.5
SYLHET,SYLHET,COMPANIGANJ,172720,89.8,85140,28760,34.5,28.7,51.5,21.7,26.8,37.6,2.9,42.1,25.8,75.7,20.6,3.0,0.7,53.3,67.4,51.8,25.2,12.5,42.8,11.3,49.9,34.2,0.6,77.3,11.3
SYLHET,SUNAMGANJ,DAKSHIN SUNAMGANJ,183280,97.2,96340,32040,24.4,19.5,79.0,4.8,16.2,39.1,7.9,22.8,31.3,71.7,24.0,3.8,0.6,58.0,73.1,55.9,34.9,17.1,40.8,10.5,45.5,30.5,0.1,93.4,10.5
SYLHET,SYLHET,DAKSHIN SURMA,247200,93.4,146000,43000,10.3,7.8,29.2,19.8,50.9,78.7,36.0,41.3,56.1,44.3,42.8,11.5,1.5,67.9,83.8,75.5,46.0,30.2,34.7,8.1,43.2,28.5,5.5,83.5,2.3
SYLHET,SUNAMGANJ,DERAI,246360,85.6,133460,45040,26.2,20.7,76.1,3.5,20.4,34.8,6.2,29.3,36.7,65.9,27.6,5.4,1.1,54.1,66.8,55.7,28.6,15.4,40.1,10.2,44.9,30.3,0.1,93.4,11.6
SYLHET,SUNAMGANJ,DHARAMPASHA,221200,95.0,118240,43920,25.5,20.2,83.2,1.6,15.2,12.4,3.9,16.5,27.2,74.3,20.5,4.2,1.0,53.1,63.0,53.9,35.8,14.9,42.5,11.2,46.7,31.7,0.2,90.6,12.4
SYLHET,SUNAMGANJ,DOWARABAZAR,226820,93.7,115440,42700,29.9,24.3,81.5,3.1,15.4,24.1,6.2,26.9,27.8,75.1,20.7,3.5,0.7,60.3,74.9,59.8,31.9,13.4,42.3,11.2,45.1,30.4,0.2,77.5,15.1
SYLHET,SYLHET,FENCHUGANJ,102840,78.5,58200,18900,16.9,13.4,38.3,14.4,47.3,69.3,28.6,42.9,52.2,47.0,37.7,12.9,2.4,66.4,80.2,73.3,44.2,28.3,37.4,9.2,43.0,28.4,12.8,79.9,3.1
SYLHET,SYLHET,GOLAPGANJ,320380,88.3,184780,50440,14.9,11.1,43.1,17.4,39.5,72.3,24.8,42.8,57.0,43.4,42.4,12.3,1.9,70.1,84.5,76.7,56.4,28.3,34.8,8.2,42.1,27.4,6.3,87.9,1.8
SYLHET,SYLHET,GOWAINGHAT,287180,98.1,147020,48000,52.6,46.5,68.1,18.2,13.8,30.0,3.9,16.0,28.2,72.7,21.3,5.1,0.9,57.5,68.1,61.2,37.7,18.0,42.6,11.3,49.2,34.1,0.5,46.0,23.7
SYLHET,HABIGANJ,HABIGANJ SADAR,340040,67.4,196620,62280,16.9,12.2,44.1,9.2,46.7,68.6,24.8,44.6,49.6,50.2,34.2,12.4,3.2,65.6,77.1,68.3,48.7,33.9,36.0,8.6,41.4,27.0,7.5,89.9,3.5
SYLHET,SUNAMGANJ,JAGANNATHPUR,256640,84.0,139120,42880,21.0,15.8,70.4,4.9,24.8,40.6,19.8,32.8,39.8,62.5,31.4,5.4,0.7,63.0,74.9,67.2,43.7,22.9,39.8,10.1,45.1,30.4,0.8,88.1,6.3
SYLHET,SYLHET,JAINTIAPUR,156820,95.1,81860,27700,34.7,28.9,54.0,18.1,27.8,41.0,7.3,34.8,35.6,66.0,26.4,6.4,1.1,61.7,75.5,62.2,37.6,22.5,39.8,10.2,47.0,31.7,2.1,70.0,10.3
SYLHET,SUNAMGANJ,JAMALGANJ,167940,94.2,88160,29940,24.6,19.4,80.9,5.2,13.9,25.9,3.5,25.8,29.1,72.4,22.6,4.4,0.6,52.3,63.8,54.7,26.3,14.9,41.1,10.6,46.2,31.4,0.3,96.0,9.7
SYLHET,MAULVIBAZAR,JURI,148460,91.5,85760,27500,36.3,31.3,51.5,14.6,33.9,41.3,10.8,27.9,49.2,57.0,33.6,8.5,1.0,68.3,80.7,73.2,55.2,30.8,36.9,8.9,45.3,30.7,2.1,64.4,11.7
SYLHET,MAULVIBAZAR,KAMALGANJ,253220,88.6,148860,51920,26.7,22.0,45.4,14.8,39.7,41.8,12.6,26.0,45.5,57.9,32.5,8.2,1.4,65.2,78.8,69.3,48.6,24.3,38.3,9.5,46.1,31.4,2.7,75.9,12.0
SYLHET,SYLHET,KANAIGHAT,264500,90.0,137280,46140,45.8,39.7,63.1,12.5,24.3,43.9,8.5,32.5,39.9,61.6,30.4,6.5,1.5,64.1,75.2,70.1,45.5,22.5,39.7,10.2,44.8,30.1,0.8,24.0,9.9
SYLHET,MAULVIBAZAR,KULAURA,359140,91.9,204360,66460,28.1,23.1,64.3,11.7,24.0,53.6,20.2,30.5,49.9,52.4,37.4,8.7,1.5,67.3,79.5,74.1,50.1,26.8,35.6,8.5,41.3,27.3,3.9,71.1,6.7
SYLHET,HABIGANJ,LAKHAI,148580,88.2,76280,27760,25.2,20.0,69.1,4.7,26.2,37.3,4.2,34.5,31.9,71.8,23.8,3.9,0.5,56.5,69.5,56.0,33.5,14.6,42.9,11.5,46.6,31.5,0.1,95.0,4.6
SYLHET,HABIGANJ,MADHABPUR,327260,92.0,181680,62280,25.9,20.7,58.2,11.3,30.5,51.7,9.7,34.1,38.4,61.2,30.5,7.0,1.3,63.4,77.1,63.8,44.3,23.0,39.9,10.1,45.9,31.1,1.4,89.6,10.5
SYLHET,MAULVIBAZAR,MAULVIBAZAR SADAR,338840,83.9,200080,62880,16.7,12.7,39.2,8.9,51.9,65.4,35.6,36.5,54.4,48.4,38.1,10.6,2.9,64.1,78.3,66.9,45.0,28.6,35.4,8.4,42.7,28.1,11.6,77.5,3.0
SYLHET,HABIGANJ,NABIGANJ,343100,91.0,190280,61860,26.8,21.5,61.7,9.2,29.1,45.3,10.8,40.3,40.6,60.3,33.6,5.2,1.0,61.9,76.7,65.2,36.6,18.7,39.1,9.8,44.5,29.6,1.3,81.1,6.0
SYLHET,MAULVIBAZAR,RAJNAGAR,237600,94.1,136300,43060,22.3,18.0,56.9,14.4,28.7,45.1,17.0,34.0,46.7,55.3,36.3,7.3,1.0,64.2,80.1,67.6,42.6,18.6,37.3,9.2,43.1,29.0,0.9,83.6,9.1
SYLHET,MAULVIBAZAR,SREEMANGAL,318700,87.7,193900,65160,29.3,24.7,48.9,10.0,41.1,51.0,19.7,30.8,45.3,57.7,31.6,8.4,2.4,59.1,71.9,63.8,40.2,22.1,36.8,8.9,44.3,29.6,6.6,78.2,20.1
SYLHET,SUNAMGANJ,SULLA,116240,96.2,63100,20320,28.3,22.9,91.3,2.9,5.8,36.5,1.6,15.8,31.4,72.5,22.9,4.2,0.4,47.5,56.7,53.0,32.6,11.6,39.3,9.8,45.5,30.6,0.1,99.1,16.4
SYLHET,SUNAMGANJ,SUNAMGANJ SADAR,286400,74.8,154700,49560,25.1,19.3,53.5,9.1,37.5,48.0,8.2,28.9,38.8,61.4,27.0,8.6,3.0,64.0,75.8,65.5,40.8,26.1,40.4,10.4,46.0,31.1,3.1,88.4,10.9
SYLHET,SYLHET,SYLHET SADAR,819100,36.7,510640,158240,14.3,9.7,10.5,19.8,69.7,86.5,38.8,38.9,62.4,38.4,33.2,20.3,8.1,65.8,79.0,69.6,48.8,37.5,32.8,7.5,40.1,25.8,36.6,58.3,3.0
SYLHET,SUNAMGANJ,TAHIRPUR,213480,95.9,104920,37960,31.2,25.3,75.5,3.4,21.1,26.0,2.1,15.7,28.0,75.3,20.2,3.9,0.6,56.3,66.6,55.9,30.7,17.4,41.7,10.8,48.8,33.5,0.1,90.8,20.2
SYLHET,SYLHET,ZAKIGANJ,250140,91.4,132600,40540,39.0,32.9,49.3,6.8,43.9,29.1,10.2,39.4,46.5,53.0,35.4,9.8,1.9,69.7,82.6,74.7,52.5,30.9,37.5,9.2,46.1,31.1,1.6,46.6,1.7